zh_TW,zh-CN,en-EN,英文字數,建議字數,th-TH,泰文字數,建議字數,jp-JP,日文字數,建議字數,kr-KR,韓文字數,建議字數,vn-VN,越文字數,建議字數,jsonKey
zh_TW,zh-CN,en-EN,,11,th-TH,,5,jp-JP,,5,kr-KR,,7,vn-VN,,11,jsonKey
"已切換
為{state}",,,,8 + ?,,,4 + ?,,,4 + ?,,,5 + ?,,,9 + ?,app.changeAccountType
模擬,,,,4,,,2,,,2,,,2,,,4,"app.accountSimulation,assets.accountSimulation,memberCenter.accountSimulation,futuresMarketContent.accountSimulation"
真實,,,,4,,,2,,,2,,,2,,,4,"app.accountReal,assets.accountReal,memberCenter.accountReal,futuresMarketContent.accountReal"
"登入效期已過
請重新登入",,,,24,,,12,,,11,,,15,,,24,app.loginAuthExpiredPopup.title
儲值,,,,4,,,2,,,2,,,2,,,4,"assets.depositButton,home.depositButton"
倉位,,,,4,,,2,,,2,,,2,,,4,"assets.positions,menu.positions"
訪客,,,,4,,,2,,,2,,,2,,,4,"assets.guestName,memberCenter.guestName"
盈虧,,,,4,,,2,,,2,,,2,,,4,"assets.profitLoss,agentFundingPositionsList.profitLossTitle,agentFundingPositionsDetail.profitLossTitle,positions.profitLoss,transactionHistory.profitLoss"
出入金紀錄,,,,11,,,5,,,5,,,7,,,11,"assets.paymentHistory,agentUsersDetail.historyButton,agentUserPaymentHistory.appBarTitle,paymentHistory.appBarTitle"
查看詳細的出入金交易活動,,,,26,,,14,,,12,,,16,,,27,assets.paymentHistorySubtitle
查看特定階段的交易活動,,,,24,,,12,,,11,,,15,,,24,assets.positionsSubtitle
前往驗證真實賬戶,,,,17,,,9,,,8,,,11,,,18,assets.toVerificationAccount
存入資金,,,,8,,,4,,,4,,,5,,,9,assets.depositButtonTip
出金,,,,4,,,2,,,2,,,2,,,4,"assets.withdrawButton,paymentHistory.typeWithdraw,withdraw.appBarTitle,agentUserPaymentHistoryList.withdraw,withdrawThirdParty.withdrawButton"
提取資金,,,,8,,,4,,,4,,,5,,,9,assets.withdrawButtonTip
自由資金,,,,8,,,4,,,4,,,5,,,9,"assets.availableFunds,accountTransaction.availableFunds"
淨值,,,,4,,,2,,,2,,,2,,,4,"assets.netAssetValue,accountTransaction.netAssetValue,walletAssetsPopup.netAssetValue"
初始保證金,,,,11,,,5,,,5,,,7,,,11,assets.occupyMargin
維持保證金總額,,,,15,,,8,,,7,,,9,,,15,assets.maintenanceMarginTotal
浮動盈虧,,,,8,,,4,,,4,,,5,,,9,"assets.dynamicProfitLoss,walletAssetsPopup.dynamicProfitLoss,positionDetail.dynamicProfitLoss"
平倉盈虧,,,,8,,,4,,,4,,,5,,,9,"assets.closePositionProfitLoss,transactionHistoryDetail.dynamicProfitLoss"
凍結保證金,,,,11,,,5,,,5,,,7,,,11,assets.freezeMargin
全倉,,,,4,,,2,,,2,,,2,,,4,"assets.crossMargin,futuresTransaction.crossMargin,tradeModePopup.crossMargin"
逐倉,,,,4,,,2,,,2,,,2,,,4,"assets.isolateMargin,futuresTransaction.isolateMargin,tradeModePopup.isolateMargin"
帳號資訊,,,,8,,,4,,,4,,,5,,,9,"memberCenter.accountInfo,accountData.appBarTitle"
成為代理,,,,8,,,4,,,4,,,5,,,9,"memberCenter.applyAgent,applyAgent.appBarTitle,applyAgent.applyAgentButton"
會員中心,,,,8,,,4,,,4,,,5,,,9,memberCenter.appBarTitle
通知,,,,4,,,2,,,2,,,2,,,4,"memberCenter.messageNotify,agentSetting.messageNotify"
成就 & 階級,,,,11,,,5,,,5,,,7,,,11,"memberCenter.achievement,agentSetting.achievementsLevel,achievementsLevel.appBarTitle"
獎勵,,,,4,,,2,,,2,,,2,,,4,"memberCenter.award,award.appBarTitle,awardList.bonus"
分享推薦碼,,,,11,,,5,,,5,,,7,,,11,"memberCenter.shareReferralCode,referralCodeShare.appBarTitle"
身份認證,,,,8,,,4,,,4,,,5,,,9,memberCenter.identifyVerification
設定,,,,4,,,2,,,2,,,2,,,4,"memberCenter.setting,setting.appBarTitle"
合約屬性,,,,8,,,4,,,4,,,5,,,9,memberCenter.contractProperties
聲明和協議,,,,11,,,5,,,5,,,7,,,11,memberCenter.statementAndAgreement
帳戶設定,,,,8,,,4,,,4,,,5,,,9,memberCenter.accountSetting
已複製推薦碼,,,,13,,,7,,,6,,,8,,,13,memberCenter.copyReferralCodeToast
我的推薦碼,,,,11,,,5,,,5,,,7,,,11,"memberCenter.myReferralCode,referralCodeShare.myReferralCode"
用戶服務,,,,8,,,4,,,4,,,5,,,9,memberCenter.userService
代理服務,,,,8,,,4,,,4,,,5,,,9,memberCenter.agentService
切換回用戶模式,,,,15,,,8,,,7,,,9,,,15,memberCenter.backToUserService
切換至代理模式,,,,15,,,8,,,7,,,9,,,15,memberCenter.toAgentService
代理審核中,,,,11,,,5,,,5,,,7,,,11,memberCenter.agentStatusAudit
代理權限被撤銷,,,,15,,,8,,,7,,,9,,,15,memberCenter.agentStatusBlock
請先驗證真實帳戶,,,,17,,,9,,,8,,,11,,,18,memberCenter.verificationRealAccountFirst
等待真實帳戶審核中,,,,19,,,10,,,9,,,12,,,20,memberCenter.waitVerificationRealAccount
鑽石階級,,,,8,,,4,,,4,,,5,,,9,memberCenter.levelDiamond
會員,,,,4,,,2,,,2,,,2,,,4,memberCenter.member
暫無行情,,,,8,,,4,,,4,,,5,,,9,"futuresMarketContent.listEmptyTip,home.quotaEmptyTip"
添加自選,,,,8,,,4,,,4,,,5,,,9,"futuresMarketContent.addCustomQuotaTip,home.addCustomQuotaTip,futuresCustomEdit.emptyTip"
交易品種,,,,8,,,4,,,4,,,5,,,9,"futuresMarketContent.futuresName,home.tradingVarietyTitle,futuresCustomEdit.futuresName"
賣出價,,,,6,,,3,,,3,,,4,,,6,"futuresMarketContent.sellPrice,home.sellingPriceTitle,futuresAlert.sellOutPrice,futuresDetail.sellOutPrice"
買入價,,,,6,,,3,,,3,,,4,,,6,"futuresMarketContent.buyPrice,home.buyingPriceTitle,futuresAlert.buyInPrice,futuresDetail.buyInPrice"
自選,,,,4,,,2,,,2,,,2,,,4,"futuresMarketContent.customTab,home.futuresTabFavorite"
輸入交易品種 / 英文名稱,,,,24,,,12,,,11,,,15,,,24,"futuresMarketContent.searchHint,home.searchHint,futuresSearch.searchInputHint"
可用餘額,,,,8,,,4,,,4,,,5,,,9,"futuresMarketContent.availableBalance,agentUsersDetail.availableBalance,accountTransaction.availableBalance,walletAssetsPopup.availableBalance,futuresTransaction.availableBalance"
多完交易產品安全,,,,17,,,9,,,8,,,11,,,18,home.defaultBannerTitle
快速下單直覺 多樣化下單工具,,,,28,,,15,,,13,,,18,,,29,home.defaultBannerSubtitle
更多交易,,,,8,,,4,,,4,,,5,,,9,home.moreTransaction
公告,,,,4,,,2,,,2,,,2,,,4,"home.announcement,announcement.appBarTitle"
歡迎來到{appName}~,,,,11 + ?,,,5 + ?,,,5 + ?,,,7 + ?,,,11 + ?,home.defaultMarquee
專屬客服,,,,8,,,4,,,4,,,5,,,9,"home.customerServiceButton,customerService.appBarTitle"
更方便、更快捷、更高效的服務,,,,30,,,16,,,14,,,19,,,31,home.customerServiceContent
任務中心,,,,8,,,4,,,4,,,5,,,9,home.missionButton
歡迎 ~ 立即交易全球市場,,,,24,,,12,,,11,,,15,,,24,home.logoMessageContent
訂單列表,,,,8,,,4,,,4,,,5,,,9,home.tadeListButton
活動,,,,4,,,2,,,2,,,2,,,4,home.eventButton
教學,,,,4,,,2,,,2,,,2,,,4,"home.tutorialButton,qa.appBarTitle"
熱門交易,,,,8,,,4,,,4,,,5,,,9,home.futuresTabTop
登出成功,,,,8,,,4,,,4,,,5,,,9,home.logoutSuccess
首頁,,,,4,,,2,,,2,,,2,,,4,menu.home
資產,,,,4,,,2,,,2,,,2,,,4,menu.funds
交易,,,,4,,,2,,,2,,,2,,,4,menu.trade
我的,,,,4,,,2,,,2,,,2,,,4,menu.my
總覽,,,,4,,,2,,,2,,,2,,,4,"menu.overview,agentSetting.agentOverview,agentOverview.appBarTitle"
用戶清單,,,,8,,,4,,,4,,,5,,,9,"menu.users,agentSetting.agentUsers"
分潤細節,,,,8,,,4,,,4,,,5,,,9,"menu.profitSharing,agentSetting.agentProfitSharing,agentOverview.agentProfitTitle,agentProfitSharing.appBarTitle"
推薦碼,,,,6,,,3,,,3,,,4,,,6,"menu.referralCode,accountData.referralCodeTitle,agentSetting.agentReferralCode,agentUser.filterPopup.recommendedCode,agentReferralCode.appBarTitle,referralCodeBind.inputTitle,agentReferralUserList.recommendedCode"
交易設定,,,,8,,,4,,,4,,,5,,,9,"menu.transactionSetting,agentSetting.transactionSetting,agentTransactionSetting.appBarTitle"
買入,,,,4,,,2,,,2,,,2,,,4,"agentFundingPositionsList.buyingTitle,agentFundingPositionsDetail.buyingTitle,common.buyIn"
賣出,,,,4,,,2,,,2,,,2,,,4,"agentFundingPositionsList.sellTitle,agentFundingPositionsDetail.sellTitle,common.sellOut"
手續費,,,,6,,,3,,,3,,,4,,,6,"agentFundingPositionsList.handlingFeeTitle,agentFundingPositionsDetail.handlingFeeTitle,agentUsersDetail.handlingFeeTitle,paymentHistory.fee,futuresTransaction.totalCostPopup.handlingFee,agentTransactionSettingList.handlingFeeTitle,agentConditionFuturesList.handlingFeeTitle"
槓桿設定,,,,8,,,4,,,4,,,5,,,9,"agentFundingPositionsList.leverageSettingTitle,agentFundingPositionsDetail.leverageSettingTitle,agentFundingDetails.filterPopup.leverageSettingTitle"
總盈虧,,,,6,,,3,,,3,,,4,,,6,"agentFundingPositionsList.generalProfit,agentFundingPositionsDetail.generalProfit,agentFundingDetails.filterPopup.openingFilterGeneralProfit"
開倉價,,,,6,,,3,,,3,,,4,,,6,"agentFundingPositionsList.openingPriceTitle,positions.openPositionPrice,orders.openPriceTitle"
止盈價格,,,,8,,,4,,,4,,,5,,,9,"agentFundingPositionsList.stopProfitPrice,agentFundingPositionsDetail.stopProfitPrice"
止損價格,,,,8,,,4,,,4,,,5,,,9,"agentFundingPositionsList.stopLossPrice,agentFundingPositionsDetail.stopLossPrice"
單號,,,,4,,,2,,,2,,,2,,,4,"agentFundingPositionsList.singleNumberTitle,agentFundingPositionsDetail.singleNumberTitle,paymentHistory.orderSerial,withdrawCategory.orderSerial"
立即成交,,,,8,,,4,,,4,,,5,,,9,"agentFundingPositionsList.repairImmediatelyHint,agentFundingPositionsDetail.repairImmediatelyHint"
開倉保證金,,,,11,,,5,,,5,,,7,,,11,"agentFundingPositionsList.openMarginTitle,agentFundingPositionsDetail.openMarginTitle"
複製,,,,4,,,2,,,2,,,2,,,4,"agentFundingPositionsDetail.copyButton,agentReferralCodeList.copyButton,copyButton.title"
平倉時間,,,,8,,,4,,,4,,,5,,,9,"agentFundingPositionsDetail.closingTimeTitle,transactionHistory.closePositionTime,transactionHistoryDetail.createDate,agentFundingDetails.filterPopup.closingTimeTitle"
開倉時間,,,,8,,,4,,,4,,,5,,,9,"agentFundingPositionsDetail.openingTimeTitle,agentFundingDetails.filterPopup.openingTimeTitle"
交易方向,,,,8,,,4,,,4,,,5,,,9,"agentFundingPositionsDetail.tradingDirectionTitle,agentFundingDetails.filterPopup.tradingDirectionTitle"
淨盈虧,,,,6,,,3,,,3,,,4,,,6,"agentFundingPositionsDetail.netProfit,agentFundingDetails.filterPopup.openingFilterNetProfit"
資金明細,,,,8,,,4,,,4,,,5,,,9,"agentFundingPositionsDetail.appBarTitle,agentFundingDetails.appBarTitle,agentPaymentDetail.appBarTitle"
掛單,,,,4,,,2,,,2,,,2,,,4,"agentFundingPositionsDetail.hangingTitle,accountTransaction.tabOrder,futuresDetail.bottomSheet.accountOrder,orderDetail.openPositionChartTag,orderDetail.orderTag,orderDetail.orderChartTag"
隔夜費,,,,6,,,3,,,3,,,4,,,6,"agentFundingPositionsDetail.rolloverTitle,positionDetail.rollover,transactionHistoryDetail.rollover,futuresContract.rollover"
掛單價格,,,,8,,,4,,,4,,,5,,,9,"agentFundingPositionsDetail.hangingPriceTitle,orderDetail.orderPriceTitle,orderModify.accountOrderTitle"
開倉價格,,,,8,,,4,,,4,,,5,,,9,"agentFundingPositionsDetail.openingPriceTitle,positionDetail.tableOpenPriceTitle,positionDetail.openPriceTitle,transactionHistoryDetail.openPositionPriceTitle,futuresTransaction.marketOrderPopup.openPrice,orderDetail.openingPriceTitle"
平倉價格,,,,8,,,4,,,4,,,5,,,9,"agentFundingPositionsDetail.closingPriceTitle,transactionHistoryDetail.closePositionPriceTitle"
已複製,,,,6,,,3,,,3,,,4,,,6,agentFundingPositionsDetail.copyToast
交易數量 (手),,,,15,,,8,,,7,,,9,,,15,agentFundingPositionsDetail.quantityTransactionsTitle
成交價格,,,,8,,,4,,,4,,,5,,,9,agentFundingPositionsDetail.dealPriceTitle
下單時間,,,,8,,,4,,,4,,,5,,,9,agentFundingPositionsDetail.orderTimeTitle
成交時間,,,,8,,,4,,,4,,,5,,,9,agentFundingPositionsDetail.dealOrderTimeTitle
更新時間,,,,8,,,4,,,4,,,5,,,9,agentFundingPositionsDetail.updateTimeTitle
持倉數量,,,,8,,,4,,,4,,,5,,,9,agentFundingPositionsDetail.positionQuantityTitle
平倉原因,,,,8,,,4,,,4,,,5,,,9,"agentFundingPositionsDetail.closingReasonTitle,transactionHistoryDetail.closePositionReason"
平倉,,,,4,,,2,,,2,,,2,,,4,"positions.closePosition,positionDetail.closePosition,agentFundingDetails.closePositionButton"
保證金,,,,6,,,3,,,3,,,4,,,6,"positions.occupyMargin,accountTransaction.occupyMargin,walletAssetsPopup.margin,positionDetail.contractMargin,transactionHistoryDetail.contractMargin,futuresTransaction.marketOrderPopup.occupyMargin,futuresTransaction.limitOrderPopup.occupyMargin,orders.occupyMargin,orderDetail.margin"
訂單號,,,,6,,,3,,,3,,,4,,,6,"positions.transactionSerial,transactionHistory.transactionSerial,positionDetail.transactionSerial,transactionHistoryDetail.transactionSerial,orders.transactionSerialTitle,orderDetail.transactionSerial"
平倉成功,,,,8,,,4,,,4,,,5,,,9,"positions.closePositionSuccess,positionDetail.closePositionSuccess"
預估強平價,,,,11,,,5,,,5,,,7,,,11,"positions.estimatedForcedParity,positionDetail.estimatedForcedParity,adjustmentMarginDescriptionPopup.content3"
全選,,,,4,,,2,,,2,,,2,,,4,"positions.selectAll,futuresCustomEdit.selectAll"
尚無掛單,,,,8,,,4,,,4,,,5,,,9,"positions.emptyTip,orders.emptyTip"
開始交易,,,,8,,,4,,,4,,,5,,,9,"positions.emptyButton,orders.emptyButton"
最新價,,,,6,,,3,,,3,,,4,,,6,positions.lastPrice
重置,,,,4,,,2,,,2,,,2,,,4,positions.resetSelect
批量平倉,,,,8,,,4,,,4,,,5,,,9,positions.closeMultiPosition
交易手數超過持有手數,,,,22,,,11,,,10,,,14,,,22,positions.closePositionLotsOutRange
確定平倉,,,,8,,,4,,,4,,,5,,,9,positions.isConfirmClosePosition
限時價,,,,6,,,3,,,3,,,4,,,6,positions.limitedTimePrice
尚無紀錄,,,,8,,,4,,,4,,,5,,,9,transactionHistory.emptyTip
開始時間,,,,8,,,4,,,4,,,5,,,9,transactionHistory.dateRangeStartDefault
結束時間,,,,8,,,4,,,4,,,5,,,9,transactionHistory.dateRangeEndDefault
取消,,,,4,,,2,,,2,,,2,,,4,"agentUsersDetail.descriptionPopup.cancelButton,agentUserPaymentHistory.filterPopup.cancelButton,agentProfitSharing.filterPopup.cancelButton,agentUser.filterPopup.cancelButton,common.cancel,agentTransactionSettingList.descriptionPopup.cancelButton,agentFundingDetails.filterPopup.cancelButton,agentReferralCodeList.descriptionPopup.cancelButton,agentProfitSharingSearch.cancel,agentUserSearch.cancel,agentReferralCodeSearch.cancel,agentReferralCodeFunctionPopup.cancelButton,editAgentReferralCode.descriptionPopup.cancelButton,addAgentReferralCodePopup.cancelButton,agentTransactionSettingSearch.cancel,agentUserProfitSharingForm.filterPopup.cancelButton,agentFundingDetailsSearch.cancel"
刪除點差,,,,8,,,4,,,4,,,5,,,9,"agentUsersDetail.descriptionPopup.deleteTitle,agentUsersDetail.descriptionPopup.deleteButton,agentTransactionSettingList.descriptionPopup.deleteTitle,agentTransactionSettingList.descriptionPopup.deleteButton,editAgentReferralCode.descriptionPopup.deleteTitle,editAgentReferralCode.descriptionPopup.deleteButton"
刪除該品項點差，將會導致用戶交易的點差回到預設點差，可能會影響您的利潤。\n\n確定要刪除點差嗎？,,,,107,,,57,,,49,,,68,,,110,"agentUsersDetail.descriptionPopup.contentText,agentTransactionSettingList.descriptionPopup.contentText,editAgentReferralCode.descriptionPopup.contentText"
規費,,,,4,,,2,,,2,,,2,,,4,"agentUsersDetail.feesTitle,agentOverview.feesTitle,agentProfitSharing.feesTitle,agentUserProfitSharingForm.filterPopup.feesTitle,agentUserProfitSharingFormList.headerFees,agentProfitList.typesFees,agentCondition.FeesTitle"
交易利潤,,,,8,,,4,,,4,,,5,,,9,"agentUsersDetail.transactionProfitTitle,agentOverview.transactionProfitTitle,agentProfitSharing.transactionProfitTitle,agentUserProfitSharingForm.filterPopup.transactionProfitTitle,agentUserProfitSharingFormList.headerTransactionProfit,agentProfitList.typesTransactionProfit"
其他利潤,,,,8,,,4,,,4,,,5,,,9,"agentUsersDetail.otherProfitsTitle,agentOverview.otherProfitsTitle,agentProfitSharing.otherProfitsTitle,agentProfitList.typesOtherProfits"
總利潤,,,,6,,,3,,,3,,,4,,,6,"agentUsersDetail.totalProfitTitle,agentProfitSharing.totalProfitTitle"
刪除成功,,,,8,,,4,,,4,,,5,,,9,"agentUsersDetail.deleteSuccess,agentReferralCode.deleteSuccess,agentTransactionSetting.deleteSuccess,agentReferralCodeSearch.deleteSuccess,editAgentReferralCode.deleteSuccess,agentTransactionSettingSearch.deleteSuccess"
刪除失敗,,,,8,,,4,,,4,,,5,,,9,"agentUsersDetail.deleteFailed,agentReferralCode.deleteFailed,agentTransactionSetting.deleteFailed,agentReferralCodeSearch.deleteFailed,agentTransactionSettingSearch.deleteFailed"
點差及手續費,,,,13,,,7,,,6,,,8,,,13,"agentUsersDetail.distributionHandlingFeeTitle,agentReferralCodeList.distributionHandlingFeeTitle,editAgentReferralCode.distributionHandlingFeeTitle"
修改成功,,,,8,,,4,,,4,,,5,,,9,"agentUsersDetail.editSuccess,agentTransactionSetting.editSuccess,orderModify.modifySuccess,editAgentReferralCode.editSuccess,agentTransactionSettingSearch.editSuccess,positionModify.modifySuccess,chartBollSetting.modifySuccess,chartKdjSetting.modifySuccess,chartMacdSetting.modifySuccess,chartMaSetting.modifySuccess,chartRsiSetting.modifySuccess,chartWrSetting.modifySuccess,chartTypeSetting.modifySuccess"
新增,,,,4,,,2,,,2,,,2,,,4,"agentUsersDetail.addButton,editAgentReferralCode.addButton"
修改失敗,,,,8,,,4,,,4,,,5,,,9,"agentUsersDetail.editFailed,agentTransactionSetting.editFailed,agentTransactionSettingSearch.editFailed,chartBollSetting.modifyFail,chartKdjSetting.modifyFail,chartMacdSetting.modifyFail,chartMaSetting.modifyFail,chartRsiSetting.modifyFail,chartWrSetting.modifyFail,chartTypeSetting.modifyFail"
查無資料,,,,8,,,4,,,4,,,5,,,9,"agentUsersDetail.emptyTip,agentUserPaymentHistory.emptyTip,agentTransactionSetting.emptyTip,agentConditionFuturesList.emptyTip,agentPaymentDetail.emptyTip,agentTransactionSettingSearch.emptyTip,agentFundingDetailsSearch.emptyTip,agentCondition.emptyTip,agentReferralCodeUsers.emptyTip"
利潤,,,,4,,,2,,,2,,,2,,,4,agentUsersDetail.profitTitle
交易概況,,,,8,,,4,,,4,,,5,,,9,agentUsersDetail.tradingOverviewTitle
利潤損失,,,,8,,,4,,,4,,,5,,,9,agentUsersDetail.profitLossTitle
總保證金,,,,8,,,4,,,4,,,5,,,9,agentUsersDetail.totalMargin
股權,,,,4,,,2,,,2,,,2,,,4,agentUsersDetail.equity
總維持保證金,,,,13,,,7,,,6,,,8,,,13,agentUsersDetail.totalMaintenanceMargin
交易明細,,,,8,,,4,,,4,,,5,,,9,agentUsersDetail.transactionDetailsButton
清除,,,,4,,,2,,,2,,,2,,,4,"agentUserPaymentHistory.filterPopup.cleanButton,paymentHistory.filterPopup.clearButton,agentProfitSharing.filterPopup.cleanButton,agentUser.filterPopup.cleanButton,agentFundingDetails.filterPopup.cleanButton,agentUserProfitSharingForm.filterPopup.cleanButton"
篩選,,,,4,,,2,,,2,,,2,,,4,"agentUserPaymentHistory.filterPopup.filterButton,paymentHistory.filterPopup.filterButton,agentProfitSharing.filterPopup.filterButton,agentUser.filterPopup.filterButton,agentTransactionSetting.filterTitle,agentFundingDetails.filterPopup.filterButton,agentUserProfitSharingForm.filterPopup.filterButton"
請選擇日期,,,,11,,,5,,,5,,,7,,,11,"agentUserPaymentHistory.filterPopup.dateButtonHint,paymentHistory.filterPopup.applyTimeHint,agentOverview.dateHint,agentProfitSharing.dateButtonHint,agentUser.filterPopup.selectDateButton,agentFundingDetails.filterPopup.dateButtonHint,agentUserProfitSharingForm.dateHint"
請選擇類型,,,,11,,,5,,,5,,,7,,,11,"agentUserPaymentHistory.filterPopup.typesButtonHint,paymentHistory.filterPopup.directionHint,agentProfitSharing.typesButtonHint,agentReferralCodeUsers.typesButtonHint"
出入金紀錄篩選,,,,15,,,8,,,7,,,9,,,15,"agentUserPaymentHistory.filterPopup.popupTitle,paymentHistory.filterPopup.popupTitle"
申請日期,,,,8,,,4,,,4,,,5,,,9,agentUserPaymentHistory.filterPopup.dateTitle
出入金類型,,,,11,,,5,,,5,,,7,,,11,"agentUserPaymentHistory.filterPopup.typesTitle,paymentHistory.filterPopup.directionTitle"
出入金方式,,,,11,,,5,,,5,,,7,,,11,"agentUserPaymentHistory.filterPopup.methodTitle,paymentHistory.filterPopup.categoryTitle"
請選擇出入金方式,,,,17,,,9,,,8,,,11,,,18,"agentUserPaymentHistory.filterPopup.methodButtonHint,paymentHistory.filterPopup.categoryHint"
狀態,,,,4,,,2,,,2,,,2,,,4,"agentUserPaymentHistory.filterPopup.statusTitle,paymentHistory.filterPopup.statusTitle"
請選擇狀態,,,,11,,,5,,,5,,,7,,,11,"agentUserPaymentHistory.filterPopup.statusButtonHint,paymentHistory.filterPopup.statusHint"
金額,,,,4,,,2,,,2,,,2,,,4,"agentUserPaymentHistory.filterPopup.amountTitle,paymentHistory.filterPopup.amountTitle"
出入金詳情,,,,11,,,5,,,5,,,7,,,11,"agentUserPaymentHistory.depositWithdrawalDetailsTitle,paymentHistory.paymentDetail,agentPaymentDetail.depositWithdrawalDetailsTitle"
入金總額,,,,8,,,4,,,4,,,5,,,9,"agentUserPaymentHistory.totalDeposit,paymentHistory.paymentTotal,agentPaymentDetail.depositTotal"
出金總額,,,,8,,,4,,,4,,,5,,,9,"agentUserPaymentHistory.totalWithdrawal,paymentHistory.withdrawTotal"
最高,,,,4,,,2,,,2,,,2,,,4,"paymentHistory.filterPopup.amountMaxHint,positionDetail.highPrice,futuresChartFullScreen.highPrice,futuresChart.highPrice"
最低,,,,4,,,2,,,2,,,2,,,4,"paymentHistory.filterPopup.amountMinHint,positionDetail.lowPrice,futuresChartFullScreen.lowPrice,futuresChart.lowPrice"
審核時間,,,,8,,,4,,,4,,,5,,,9,paymentHistory.filterPopup.applyTimeTitle
方式,,,,4,,,2,,,2,,,2,,,4,"paymentHistory.method,agentUserPaymentHistoryList.methodTitle,withdrawCategory.method"
類型,,,,4,,,2,,,2,,,2,,,4,"paymentHistory.type,agentUserPaymentHistoryList.typesTitle,futuresTransaction.marketOrderPopup.type,futuresTransaction.limitOrderPopup.type,agentProfitSharing.typesTitle,withdrawCategory.type"
日期,,,,4,,,2,,,2,,,2,,,4,"paymentHistory.dateTitle,agentUserPaymentHistoryList.dateTitle,agentOverview.dateTitle,agentProfitSharing.dateTitle,withdrawCategory.dateTitle,agentUserProfitSharingForm.dateTitle,withdrawBank.datePrefix"
審核中,,,,6,,,3,,,3,,,4,,,6,"paymentHistory.statusAudit,paymentHistory.orderStatusWithdrawAudit,agentUserPaymentHistoryList.orderStatusWithdrawAudit,accountPaymentManager.statusAudit"
等待,,,,4,,,2,,,2,,,2,,,4,paymentHistory.statusWait
完成,,,,4,,,2,,,2,,,2,,,4,paymentHistory.statusSuccess
失敗,,,,4,,,2,,,2,,,2,,,4,paymentHistory.statusFail
入金,,,,4,,,2,,,2,,,2,,,4,"paymentHistory.typeDeposit,agentUserPaymentHistoryList.deposit"
尚無出入金紀錄,,,,15,,,8,,,7,,,9,,,15,paymentHistory.historyEmptyTip
獲取資料時發生錯誤,,,,19,,,10,,,9,,,12,,,20,paymentHistory.historyErrorTip
處理中,,,,6,,,3,,,3,,,4,,,6,"paymentHistory.orderStatusFail,paymentHistory.orderStatusDepositAudit,paymentHistory.orderStatusWithdrawHandle,agentUserPaymentHistoryList.orderStatusFail,agentUserPaymentHistoryList.orderStatusDepositAudit,agentUserPaymentHistoryList.orderStatusWithdrawHandle"
入金成功,,,,8,,,4,,,4,,,5,,,9,"paymentHistory.orderStatusDepositSuccess,agentUserPaymentHistoryList.orderStatusDepositSuccess"
出金成功,,,,8,,,4,,,4,,,5,,,9,"paymentHistory.orderStatusWithdrawSuccess,agentUserPaymentHistoryList.orderStatusWithdrawSuccess"
未支付,,,,6,,,3,,,3,,,4,,,6,"paymentHistory.orderStatusDepositWaitPay,agentUserPaymentHistoryList.orderStatusDepositWaitPay"
審核失敗,,,,8,,,4,,,4,,,5,,,9,"paymentHistory.orderStatusWithdrawReject,agentUserPaymentHistoryList.orderStatusWithdrawReject"
入金金額區間：{unit} {range},,,,15 + ?,,,8 + ?,,,7 + ?,,,9 + ?,,,15 + ?,"withdraw.withdrawPriceRangeTip,paymentBank.paymentPriceRangeTip"
餘額,,,,4,,,2,,,2,,,2,,,4,withdraw.balanceTitle
全部取出,,,,8,,,4,,,4,,,5,,,9,withdraw.withdrawAll
代理-出入金詳情列表,,,,22,,,11,,,10,,,14,,,22,agentUserPaymentHistoryList.nameDescription
需付保證金,,,,11,,,5,,,5,,,7,,,11,"withdrawThirdParty.feeCollectionRulesPopup.depositRequired,futuresTransaction.totalCostPopup.needMargin,futuresTransaction.needMargin"
手續費收取規則,,,,15,,,8,,,7,,,9,,,15,withdrawThirdParty.feeCollectionRulesPopup.title
提取金額,,,,8,,,4,,,4,,,5,,,9,withdrawThirdParty.feeCollectionRulesPopup.withdrawalAmount
關閉,,,,4,,,2,,,2,,,2,,,4,withdrawThirdParty.feeCollectionRulesPopup.close
相關提示:,,,,11,,,5,,,5,,,7,,,11,"withdrawThirdParty.tipTitle,withdrawBank.tipTitle"
"客戶出金所指定之帳號，必需是開戶時所指定之出金銀行帳號。
電子交易系統之線上出金申請時間為每個營業日上午8：00~14：00",,,,134,,,72,,,61,,,85,,,137,"withdrawThirdParty.tipContent,withdrawBank.tipContent"
帳戶餘額,,,,8,,,4,,,4,,,5,,,9,withdrawThirdParty.accountBalance
請輸入額度,,,,11,,,5,,,5,,,7,,,11,withdrawThirdParty.enterAmount
出金金額最低額度：USD,,,,26,,,14,,,12,,,16,,,27,withdrawThirdParty.minLimitTip
最高單筆出金金額：USD,,,,26,,,14,,,12,,,16,,,27,withdrawThirdParty.maxLimitTip
需支付手續費金額：USD,,,,26,,,14,,,12,,,16,,,27,"withdrawThirdParty.feeTip,depositThirdParty.feeTip"
說明,,,,4,,,2,,,2,,,2,,,4,"withdrawThirdParty.description,depositThirdParty.description"
24小時免費出金次數,,,,22,,,11,,,10,,,14,,,22,withdrawThirdParty.dailyFreeFeeTimes
24小時可出金次數,,,,19,,,10,,,9,,,12,,,20,withdrawThirdParty.dailyWithdrawTimes
持倉,,,,4,,,2,,,2,,,2,,,4,"accountTransaction.tabPosition,positionDetail.positionTag,futuresDetail.bottomSheet.accountPosition"
維持保證金,,,,11,,,5,,,5,,,7,,,11,"accountTransaction.maintenanceMargin,walletAssetsPopup.maintenanceMargin,positionDetail.maintenanceMargin"
實時盈虧,,,,8,,,4,,,4,,,5,,,9,accountTransaction.dynamicProfitLoss
已平倉,,,,6,,,3,,,3,,,4,,,6,"accountTransaction.tabHistory,transactionHistoryDetail.orderTag"
開倉價以高到低,,,,15,,,8,,,7,,,9,,,15,accountTransaction.positionSortUp2Down
開倉價以低到高,,,,15,,,8,,,7,,,9,,,15,accountTransaction.positionSortDown2Up
最久開倉時間,,,,13,,,7,,,6,,,8,,,13,accountTransaction.positionSortOld2New
最近開倉時間,,,,13,,,7,,,6,,,8,,,13,accountTransaction.positionSortNew2Old
時間-上,,,,8,,,4,,,4,,,5,,,9,accountTransaction.sortTimeUp
時間-下,,,,8,,,4,,,4,,,5,,,9,accountTransaction.sortTimeDown
開倉價-上,,,,11,,,5,,,5,,,7,,,11,accountTransaction.sortPriceUp
開倉價-下,,,,11,,,5,,,5,,,7,,,11,accountTransaction.sortPriceDown
模擬帳戶,,,,8,,,4,,,4,,,5,,,9,accountTransaction.accountSimulation
真實帳戶,,,,8,,,4,,,4,,,5,,,9,accountTransaction.accountReal
動態權益,,,,8,,,4,,,4,,,5,,,9,accountTransaction.dynamicFunds
保證金水平,,,,11,,,5,,,5,,,7,,,11,"accountTransaction.marginLevel,walletAssetsPopup.marginLevel"
浮動淨盈虧,,,,11,,,5,,,5,,,7,,,11,positionDetail.profitLoss
開倉,,,,4,,,2,,,2,,,2,,,4,"positionDetail.openPositionChartTag,agentFundingDetails.openPositionButton"
當前價格,,,,8,,,4,,,4,,,5,,,9,"positionDetail.lastPriceTitle,futuresDetail.dataTab.nowPrice,orderDetail.lastPriceTitle"
開盤,,,,4,,,2,,,2,,,2,,,4,"positionDetail.openPrice,futuresChartFullScreen.openPrice,futuresChart.openPrice"
方向,,,,4,,,2,,,2,,,2,,,4,"positionDetail.tradingDirection,futuresTransaction.tradingDirection,orderDetail.tradingDirection"
手數,,,,4,,,2,,,2,,,2,,,4,"positionDetail.lots,futuresTransaction.lots"
交易時間,,,,8,,,4,,,4,,,5,,,9,positionDetail.createDate
交易綜合費,,,,11,,,5,,,5,,,7,,,11,"positionDetail.fee,transactionHistoryDetail.fee,futuresTransaction.totalCostPopup.transactionAllFee"
修改,,,,4,,,2,,,2,,,2,,,4,"positionDetail.modifyButton,orderDetail.modifyButton"
未設置,,,,6,,,3,,,3,,,4,,,6,"positionDetail.stopProfitLossEmpty,positionDetail.trailingStopEmpty,transactionHistoryDetail.stopProfitLossEmpty,transactionHistoryDetail.trailingStopEmpty,orderDetail.stopProfitLossEmpty,orderDetail.trailingStopEmpty,numberInputField.defaultHint"
數量,,,,4,,,2,,,2,,,2,,,4,"positionDetail.tableLotsTitle,futuresTransaction.marketOrderPopup.lots,futuresTransaction.limitOrderPopup.lots,orderDetail.lotsTitle"
當前價值,,,,8,,,4,,,4,,,5,,,9,positionDetail.currentPositionValue
平倉手數超過持有手數,,,,22,,,11,,,10,,,14,,,22,positionDetail.closePositionLotsOutRange
確認平倉,,,,8,,,4,,,4,,,5,,,9,positionDetail.confirmClosePosition
開倉數量,,,,8,,,4,,,4,,,5,,,9,positionDetail.openPositionLots
平倉數量,,,,8,,,4,,,4,,,5,,,9,positionDetail.closePositionLots
(可輸入數量 {range}),,,,15 + ?,,,8 + ?,,,7 + ?,,,9 + ?,,,15 + ?,positionDetail.lotsInputTip
"持倉異動, 請重新進入",,,,19,,,10,,,9,,,12,,,20,positionDetail.positionChanged
現價,,,,4,,,2,,,2,,,2,,,4,positionDetail.lastPriceChartTag
讀取中,,,,6,,,3,,,3,,,4,,,6,"positionDetail.marginLoading,positionDetail.maintenanceMarginLoading,positionDetail.feeLoading"
--,,,,4,,,2,,,2,,,2,,,4,positionDetail.rolloverEmpty
開倉價值,,,,8,,,4,,,4,,,5,,,9,"positionDetail.openPositionValue,transactionHistoryDetail.openPositionValue"
24h量,,,,8,,,4,,,4,,,5,,,9,positionDetail.quantity24h
平倉淨盈虧,,,,11,,,5,,,5,,,7,,,11,transactionHistoryDetail.netProfitLoss
平倉價值,,,,8,,,4,,,4,,,5,,,9,transactionHistoryDetail.closePositionValue
交易保證金,,,,11,,,5,,,5,,,7,,,11,futuresTransaction.totalCostPopup.transactionMargin
合計支付,,,,8,,,4,,,4,,,5,,,9,futuresTransaction.totalCostPopup.transactionTotalTitle
總計（元）,,,,11,,,5,,,5,,,7,,,11,futuresTransaction.totalCostPopup.totalValue
建立日期,,,,8,,,4,,,4,,,5,,,9,"futuresTransaction.marketOrderPopup.createDate,futuresTransaction.limitOrderPopup.createDate"
商品,,,,4,,,2,,,2,,,2,,,4,"futuresTransaction.marketOrderPopup.futuresNameTitle,futuresTransaction.limitOrderPopup.futuresNameTitle,agentProfitSharing.filterPopup.itemsTitle"
市價,,,,4,,,2,,,2,,,2,,,4,"futuresTransaction.marketOrderPopup.marketPrice,agentProfitList.typesMarketPrice"
交易模式,,,,8,,,4,,,4,,,5,,,9,futuresTransaction.marketOrderPopup.transactionMode
限價,,,,4,,,2,,,2,,,2,,,4,futuresTransaction.limitOrderPopup.limitPrice
市場關閉－僅接受掛單交易,,,,26,,,14,,,12,,,16,,,27,"futuresTransaction.marketClose,futuresDetail.marketClose"
止損須在限制範圍內,,,,19,,,10,,,9,,,12,,,20,"futuresTransaction.errorStopLossOutRange,orderModify.errorStopLossOutRange,positionModify.errorStopLossOutRange"
止盈須在限制範圍內,,,,19,,,10,,,9,,,12,,,20,"futuresTransaction.errorStopProfitOutRange,orderModify.errorStopProfitOutRange,positionModify.errorStopProfitOutRange"
手數須在限制範圍內,,,,19,,,10,,,9,,,12,,,20,futuresTransaction.errorLotsOutRange
預估虧損,,,,8,,,4,,,4,,,5,,,9,"futuresTransaction.estimateLoss,orderModify.estimateLoss,positionModify.estimateLoss"
預估盈利,,,,8,,,4,,,4,,,5,,,9,"futuresTransaction.estimateProfit,orderModify.estimateProfit,positionModify.estimateProfit"
尚未輸入限價,,,,13,,,7,,,6,,,8,,,13,futuresTransaction.errorLimitPriceEmpty
限價須在限制範圍內,,,,19,,,10,,,9,,,12,,,20,futuresTransaction.errorLimitPriceOutRange
掛單設定成功,,,,13,,,7,,,6,,,8,,,13,futuresTransaction.createLimitOrderSuccess
開倉成功,,,,8,,,4,,,4,,,5,,,9,futuresTransaction.createMarketOrderSuccess
明細,,,,4,,,2,,,2,,,2,,,4,futuresTransaction.transactionAmountDetail
市價單,,,,6,,,3,,,3,,,4,,,6,futuresTransaction.marketOrderTag
限價單,,,,6,,,3,,,3,,,4,,,6,futuresTransaction.limitOrderTag
當價格滿足條件時{action},,,,17 + ?,,,9 + ?,,,8 + ?,,,11 + ?,,,18 + ?,futuresTransaction.limitSelectorTitle
請輸入掛單價格,,,,15,,,8,,,7,,,9,,,15,futuresTransaction.limitOrderInputTip
當前僅可接受掛單交易,,,,22,,,11,,,10,,,14,,,22,futuresTransaction.lockLimitOrderToast
槓桿,,,,4,,,2,,,2,,,2,,,4,futuresTransaction.lever
交易手數,,,,8,,,4,,,4,,,5,,,9,futuresTransaction.transactionLots
價值,,,,4,,,2,,,2,,,2,,,4,"futuresTransaction.futuresValuePrefix,orderDetail.currentValueTitle"
確認賣出,,,,8,,,4,,,4,,,5,,,9,futuresTransaction.confirmSellOut
確認買入,,,,8,,,4,,,4,,,5,,,9,futuresTransaction.confirmBuyIn
保證金餘額不足,,,,15,,,8,,,7,,,9,,,15,futuresTransaction.marginNotEnoughPopup.title
立即入金,,,,8,,,4,,,4,,,5,,,9,futuresTransaction.marginNotEnoughPopup.paymentImmediate
交易數量已達上限,,,,17,,,9,,,8,,,11,,,18,futuresTransaction.limitReachedPopup.title
"目前交易數量已達上限
無法進行交易，請稍候再試",,,,48,,,25,,,22,,,30,,,49,futuresTransaction.limitReachedPopup.content
無法切換為{tradeMode}模式,,,,15 + ?,,,8 + ?,,,7 + ?,,,9 + ?,,,15 + ?,futuresTransaction.descriptionBevelConfirmPopup.title
需要無倉位、無當前持倉。才能夠切換，請立即前往倉位進行平倉,,,,63,,,34,,,29,,,40,,,65,futuresTransaction.descriptionBevelConfirmPopup.content
前往倉位,,,,8,,,4,,,4,,,5,,,9,futuresTransaction.descriptionBevelConfirmPopup.confirmText
目前持倉數量,,,,13,,,7,,,6,,,8,,,13,futuresTransaction.currentPositionQty
設置追蹤止損距離,,,,17,,,9,,,8,,,11,,,18,"futuresTransaction.trailingStopSubtitle,orderModify.trailingStopSubtitle,positionModify.trailingStopSubtitle"
預計盈虧,,,,8,,,4,,,4,,,5,,,9,"futuresTransaction.estimateProfitLoss,orderModify.estimateProfitLoss"
查看持倉,,,,8,,,4,,,4,,,5,,,9,futuresTransaction.createOrderResultPopup.checkPosition
查看掛單,,,,8,,,4,,,4,,,5,,,9,futuresTransaction.createOrderResultPopup.checkAccountOrder
繼續交易,,,,8,,,4,,,4,,,5,,,9,futuresTransaction.createOrderResultPopup.continueTrading
全倉模式,,,,8,,,4,,,4,,,5,,,9,"tradeModePopup.contentTitle1,futuresDetail.fullWarehouse"
倉位模式,,,,8,,,4,,,4,,,5,,,9,tradeModePopup.title
調整倉位模式僅對當前交易訂單生效。,,,,37,,,20,,,17,,,23,,,38,tradeModePopup.titleHint
什麼是全倉和逐倉模式？,,,,24,,,12,,,11,,,15,,,24,tradeModePopup.subTitle
逐倉模式,,,,8,,,4,,,4,,,5,,,9,tradeModePopup.contentTitle2
在全倉下，賬戶裡所有可用餘額都可以充當擔保資產，維持保證金要求以避免被強制平倉。如果強制平倉，全部相對應的可用餘額可能會損失。,,,,138,,,74,,,63,,,88,,,141,tradeModePopup.contentDescription1
在逐倉保證金下，一定數量保證金被分配到倉位上，可手動調整倉位保證金。如果倉位保證金虧損到低於維持保證金水平，倉位將會被強平。在強制平倉的狀況下，您可能會損失起始保證金和加入到此倉位的追加保證金。,,,,213,,,114,,,97,,,135,,,218,tradeModePopup.contentDescription2
確定,,,,4,,,2,,,2,,,2,,,4,tradeModePopup.button
新增推薦碼,,,,11,,,5,,,5,,,7,,,11,"accountData.referralAddButton,referralCodeBind.addButton,editAgentReferralCode.addReferralCodeTitle"
無,,,,2,,,1,,,1,,,1,,,2,"accountData.referralCodeHint,futuresAlert.enterPriceHint"
驗證Email,,,,15,,,8,,,7,,,9,,,15,"accountData.emailVerifyButton,emailBind.appBarTitle"
尚未設定,,,,8,,,4,,,4,,,5,,,9,"accountData.phoneHint,accountData.emailHint"
手機號碼,,,,8,,,4,,,4,,,5,,,9,accountData.phoneTitle
驗證手機,,,,8,,,4,,,4,,,5,,,9,accountData.phoneVerifyButton
Email,,,,11,,,5,,,5,,,7,,,11,accountData.emailTitle
真實姓名,,,,8,,,4,,,4,,,5,,,9,"applyAgent.realName,accountIdentifyData.actualNameTitle,personalVerify.realNameTitle"
申請成功,,,,8,,,4,,,4,,,5,,,9,applyAgent.applySuccess
申請審核預計會需要,,,,19,,,10,,,9,,,12,,,20,applyAgent.daysAuditingExpectedHintPart1
3~5,,,,6,,,3,,,3,,,4,,,6,applyAgent.daysAuditingExpectedHintPart2
"個工作天。
申請通過後，將會主動通知，就可以使用 APP 內的代理前台來邀請用戶並開始交易。",,,,94,,,50,,,43,,,60,,,96,applyAgent.daysAuditingExpectedHintPart3
回到個人設定,,,,13,,,7,,,6,,,8,,,13,applyAgent.backPersonalSettingsButton
申請完成,,,,8,,,4,,,4,,,5,,,9,applyAgent.applicationCompleteTitle
送出申請,,,,8,,,4,,,4,,,5,,,9,applyAgent.sendApplyButton
聯絡電話,,,,8,,,4,,,4,,,5,,,9,applyAgent.contactPhoneTitle
請輸入聯絡電話,,,,15,,,8,,,7,,,9,,,15,applyAgent.enterContactPhoneHint
微信,,,,4,,,2,,,2,,,2,,,4,applyAgent.wechatTitle
請輸入微信,,,,11,,,5,,,5,,,7,,,11,applyAgent.wechatHint
Line ID,,,,13,,,7,,,6,,,8,,,13,applyAgent.lineIdTitle
請輸入Line ID,,,,19,,,10,,,9,,,12,,,20,applyAgent.lineIdHint
立刻申請成為代理,,,,17,,,9,,,8,,,11,,,18,applyAgent.applyAgentImmediatelyButton
授權夥伴與我們共享成功果實。前端服務品質至關重要，因此我們只會與夥伴合作完成此項任務。,,,,94,,,50,,,43,,,60,,,96,applyAgent.applyAgentTip
可以在短邊推測,,,,15,,,8,,,7,,,9,,,15,applyAgent.medalTitle1
獲得更多收益,,,,13,,,7,,,6,,,8,,,13,applyAgent.medalTitle2
降低風險,,,,8,,,4,,,4,,,5,,,9,applyAgent.medalTitle3
代理條件,,,,8,,,4,,,4,,,5,,,9,"agentSetting.agentCondition,agentCondition.appBarTitle"
代理資金明細,,,,13,,,7,,,6,,,8,,,13,agentSetting.agentPaymentDetail
全部,,,,4,,,2,,,2,,,2,,,4,"achievementsLevel.filter.typesAll,agentProfitList.typesAll"
未完成,,,,6,,,3,,,3,,,4,,,6,achievementsLevel.filter.typesUndone
未領取,,,,6,,,3,,,3,,,4,,,6,achievementsLevel.filter.typesNotReceived
已領取,,,,6,,,3,,,3,,,4,,,6,"achievementsLevel.filter.typesReceived,achievementsLevelList.typesReceived"
成就獎勵領取僅限「真實賬戶」交易行為,,,,39,,,21,,,18,,,25,,,40,"achievementsLevel.rewardTip,referralCodeShare.headerTip"
尚無成就任務,,,,13,,,7,,,6,,,8,,,13,achievementsLevel.emptyTip
一鍵領\n取獎勵,,,,17,,,9,,,8,,,11,,,18,"achievementsLevel.pickUpAllButton,dailyMission.pickUpAllButton"
無可領取獎勵,,,,13,,,7,,,6,,,8,,,13,"achievementsLevel.noRewardAvailable,dailyMission.noRewardAvailable"
領取獎勵失敗,,,,13,,,7,,,6,,,8,,,13,"achievementsLevel.rewardFailed,dailyMission.rewardFailed"
前往交易,,,,8,,,4,,,4,,,5,,,9,achievementsLevel.goTradeButton
可使用獎勵,,,,11,,,5,,,5,,,7,,,11,award.tabAvailable
歷史獎勵,,,,8,,,4,,,4,,,5,,,9,award.tabHistory
獎勵來源,,,,8,,,4,,,4,,,5,,,9,awardList.source
領取時間,,,,8,,,4,,,4,,,5,,,9,awardList.pickUpTime
使用期限,,,,8,,,4,,,4,,,5,,,9,awardList.expiryDate
使用時間,,,,8,,,4,,,4,,,5,,,9,awardList.usageTime
已使用,,,,6,,,3,,,3,,,4,,,6,awardList.used
已逾期,,,,6,,,3,,,3,,,4,,,6,awardList.expired
永久使用,,,,8,,,4,,,4,,,5,,,9,awardList.useForever
推薦朋友 共同獲利,,,,17,,,9,,,8,,,11,,,18,referralCodeShare.shareFriendTitle
交易越多賺越多，推薦好友投資，即可獲得獎勵唷,,,,48,,,25,,,22,,,30,,,49,referralCodeShare.shareFriendSubtitle
發送連結邀請,,,,13,,,7,,,6,,,8,,,13,referralCodeShare.sendInviteLink
社群分享,,,,8,,,4,,,4,,,5,,,9,referralCodeShare.communityShareTitle
已複製至剪貼板,,,,15,,,8,,,7,,,9,,,15,"referralCodeShare.copyToClipboardSuccess,copyButton.copyToClipboardSuccess"
語言,,,,4,,,2,,,2,,,2,,,4,"setting.languageTitle,languageSetting.appBarTitle"
系統,,,,4,,,2,,,2,,,2,,,4,"setting.languageDefault,languageSetting.localeDefault"
漲跌顏色,,,,8,,,4,,,4,,,5,,,9,setting.upDownColorTitle
通知設定,,,,8,,,4,,,4,,,5,,,9,setting.notifySettingTitle
檢查更新,,,,8,,,4,,,4,,,5,,,9,setting.checkUpdateTitle
當前版本,,,,8,,,4,,,4,,,5,,,9,setting.currentVersionTitle
清理緩存,,,,8,,,4,,,4,,,5,,,9,setting.clearCacheTitle
清除快取失敗,,,,13,,,7,,,6,,,8,,,13,setting.errorClearCacheFail
綠漲紅跌,,,,8,,,4,,,4,,,5,,,9,"setting.upGreenDownRed,upDownColorSetting.upGreenDownRed"
紅漲綠跌,,,,8,,,4,,,4,,,5,,,9,"setting.upRedDownGreen,upDownColorSetting.upRedDownGreen"
已是最新版本,,,,13,,,7,,,6,,,8,,,13,setting.versionIsNewest
已清理 {size} MB,,,,11 + ?,,,5 + ?,,,5 + ?,,,7 + ?,,,11 + ?,setting.clearCacheToast
尚無緩存需要清理,,,,17,,,9,,,8,,,11,,,18,setting.noCacheNeedClean
刪除,,,,4,,,2,,,2,,,2,,,4,"futuresCustomEdit.delete,agentReferralCodeList.descriptionPopup.deleteButton,agentReferralCodeFunctionPopup.deleteButton"
自選編輯,,,,8,,,4,,,4,,,5,,,9,futuresCustomEdit.appBarTitle
變更成功,,,,8,,,4,,,4,,,5,,,9,futuresCustomEdit.changeSuccess
拖動,,,,4,,,2,,,2,,,2,,,4,futuresCustomEdit.drag
創建價格提醒,,,,13,,,7,,,6,,,8,,,13,futuresAlert.appBarTitle
當,,,,2,,,1,,,1,,,1,,,2,futuresAlert.titleTip
達到以下價格時提醒我,,,,22,,,11,,,10,,,14,,,22,futuresAlert.alertWhenPrice
提醒列表,,,,8,,,4,,,4,,,5,,,9,futuresAlert.alertList
創建提醒成功,,,,13,,,7,,,6,,,8,,,13,futuresAlert.createSuccess
已成功刪除提醒,,,,15,,,8,,,7,,,9,,,15,futuresAlert.removeSuccess
我的委託,,,,8,,,4,,,4,,,5,,,9,futuresDetail.bottomSheet.header
尚無持倉,,,,8,,,4,,,4,,,5,,,9,"futuresDetail.bottomSheet.positionEmptyTip,futuresDetail.bottomSheet.orderEmptyTip,agentFundingPositions.emptyTip"
價格漲跌幅,,,,11,,,5,,,5,,,7,,,11,futuresDetail.dataTab.priceChangeRate
5分鐘,,,,6,,,3,,,3,,,4,,,6,futuresDetail.dataTab.minute5
1小時,,,,6,,,3,,,3,,,4,,,6,"futuresDetail.dataTab.hour1,futuresChart.chartHour1"
今日,,,,4,,,2,,,2,,,2,,,4,futuresDetail.dataTab.today
價格變化區間,,,,13,,,7,,,6,,,8,,,13,futuresDetail.dataTab.priceChangeValue
最低價,,,,6,,,3,,,3,,,4,,,6,futuresDetail.dataTab.lowPrice
最高價,,,,6,,,3,,,3,,,4,,,6,futuresDetail.dataTab.highPrice
成交量,,,,6,,,3,,,3,,,4,,,6,"futuresDetail.dataTab.volume,futuresChart.volume"
展開,,,,4,,,2,,,2,,,2,,,4,"futuresDetail.recentTransactionUnfoldLabel,futuresContract.tableValueUnfold"
已加入個人自訂品種,,,,19,,,10,,,9,,,12,,,20,"futuresDetail.addFavoriteSuccess,futuresChartFullScreen.addFavoriteSuccess"
已移除個人自訂品種,,,,19,,,10,,,9,,,12,,,20,"futuresDetail.removeFavoriteSuccess,futuresChartFullScreen.removeFavoriteSuccess"
委買量,,,,6,,,3,,,3,,,4,,,6,futuresDetail.buyInVolume
委賣量,,,,6,,,3,,,3,,,4,,,6,futuresDetail.sellOutVolume
縮起,,,,4,,,2,,,2,,,2,,,4,futuresDetail.recentTransactionFoldLabel
行情,,,,4,,,2,,,2,,,2,,,4,futuresDetail.tabChart
數據,,,,4,,,2,,,2,,,2,,,4,futuresDetail.tabData
詳情,,,,4,,,2,,,2,,,2,,,4,futuresDetail.tabContract
交易中,,,,6,,,3,,,3,,,4,,,6,futuresDetail.inTradingTime
僅接受掛單,,,,11,,,5,,,5,,,7,,,11,futuresDetail.onlyLimitOrder
"此交易為全倉交易，虧損金額會超過保證金金額。

當持續虧損導致賬戶達到強平線時，其他訂單將會被陸續強平，賬戶資金將全部虧損！

建議您設定止盈和止損價格，能夠更有效率的控制資金情況！",,,,191,,,102,,,87,,,121,,,195,futuresDetail.fullWarehouseTipContent
全倉模式說明,,,,13,,,7,,,6,,,8,,,13,futuresDetail.fullWarehouseTipTitle
變更最愛列表成功,,,,17,,,9,,,8,,,11,,,18,futuresSearch.changeFavoriteSuccess
品種,,,,4,,,2,,,2,,,2,,,4,futuresSearch.futuresType
添加,,,,4,,,2,,,2,,,2,,,4,futuresSearch.add
查無相關品種,,,,13,,,7,,,6,,,8,,,13,futuresSearch.searchEmptyTip
暫無公告,,,,8,,,4,,,4,,,5,,,9,announcement.emptyDataTip
暫無資料,,,,8,,,4,,,4,,,5,,,9,"qa.emptyTip,agentProfitSharing.emptyTip,agentReferralCode.emptyTip,agentTransactionSettingList.emptyTip,agentReferralCodeList.emptyTip,agentProfitSharingSearch.emptyTip,agentReferralCodeSearch.emptyTip,editAgentReferralCode.emptyTip,agentUserProfitSharingFormList.emptyTip,agentProfitList.emptyTip"
無法找到想要的解答？,,,,22,,,11,,,10,,,14,,,22,qa.noFindQaTip1
請聯絡我們,,,,11,,,5,,,5,,,7,,,11,qa.noFindQaTip2
更多,,,,4,,,2,,,2,,,2,,,4,"agentOverview.more,futuresChart.more"
優惠,,,,4,,,2,,,2,,,2,,,4,"agentOverview.discountTitle,agentProfitSharing.discountTitle,agentUserProfitSharingForm.filterPopup.discountTitle,agentUserProfitSharingFormList.headerDiscount,agentProfitList.typesDiscount,agentCondition.discountTitle"
工資,,,,4,,,2,,,2,,,2,,,4,"agentOverview.salaryTitle,agentProfitSharing.salaryTitle,agentProfitList.typesSalary"
總分潤,,,,6,,,3,,,3,,,4,,,6,"agentOverview.totalGruntTitle,agentUserProfitSharingForm.filterPopup.totalGruntTitle,agentUserProfitSharingFormList.headerTotalGrunt"
用戶分潤報表,,,,13,,,7,,,6,,,8,,,13,"agentOverview.userPointsTitle,agentUserProfitSharingForm.appBarTitle"
未領取分潤,,,,11,,,5,,,5,,,7,,,11,agentOverview.unableReceiveGumTitle
取出分潤,,,,8,,,4,,,4,,,5,,,9,agentOverview.takeProfitButton
分潤概況,,,,8,,,4,,,4,,,5,,,9,agentOverview.summaryOverviewTitle
分潤細節篩選器,,,,15,,,8,,,7,,,9,,,15,agentProfitSharing.filterPopup.title
分潤,,,,4,,,2,,,2,,,2,,,4,agentProfitSharing.filterPopup.profitTitle
用戶,,,,4,,,2,,,2,,,2,,,4,"agentProfitSharing.filterPopup.userTitle,agentUserProfitSharingFormList.headerUser"
請選擇用戶,,,,11,,,5,,,5,,,7,,,11,agentProfitSharing.filterPopup.selectUserButtonHint
請選擇商品,,,,11,,,5,,,5,,,7,,,11,"agentProfitSharing.filterPopup.selectItemsButtonHint,agentTransactionSetting.filterItemsButtonHint"
註冊時間,,,,8,,,4,,,4,,,5,,,9,"agentProfitSharing.registrationTimeButton,agentUser.filterPopup.registrationTime,agentUser.registrationTimeButton"
下級用戶清單篩選,,,,17,,,9,,,8,,,11,,,18,agentUser.filterPopup.title
請選擇推薦碼,,,,13,,,7,,,6,,,8,,,13,agentUser.filterPopup.selectRecommendedCode
下級用戶清單,,,,13,,,7,,,6,,,8,,,13,agentUser.appBarTitle
暫無用戶資料,,,,13,,,7,,,6,,,8,,,13,"agentUser.emptyTip,agentUserSearch.emptyTip,agentUserProfitSharingForm.emptyTip"
輸入推薦碼,,,,11,,,5,,,5,,,7,,,11,referralCodeBind.appBarTitle
請輸入推薦碼,,,,13,,,7,,,6,,,8,,,13,referralCodeBind.inputHint
"推薦碼將會影響您的帳號獎勵
以及交易費用的相關折扣。
輸入後將無法更改，請確認代
理或朋友提供給您的推薦碼是
否正確再輸入。",,,,127,,,68,,,58,,,81,,,130,referralCodeBind.descriptionText
請選擇品種,,,,11,,,5,,,5,,,7,,,11,agentTransactionSetting.filterVarietyButtonHint
請先登入,,,,8,,,4,,,4,,,5,,,9,"common.loginFirst,requestError.noAuth"
聯匯,,,,4,,,2,,,2,,,2,,,4,common.appName
模擬交易下無法使用此功能,,,,26,,,14,,,12,,,16,,,27,common.notInSimulated
確認,,,,4,,,2,,,2,,,2,,,4,"common.confirm,receiveAwardPopup.confirmButton,listScrollSheet.confirmButton"
功能關閉中,,,,11,,,5,,,5,,,7,,,11,common.futureClosed
USD,,,,6,,,3,,,3,,,4,,,6,common.priceUnit
手,,,,2,,,1,,,1,,,1,,,2,common.lotsUnit
X,,,,2,,,1,,,1,,,1,,,2,common.leverUnit
登出,,,,4,,,2,,,2,,,2,,,4,common.logout
登入,,,,4,,,2,,,2,,,2,,,4,common.login
止損,,,,4,,,2,,,2,,,2,,,4,common.stopLoss
止盈,,,,4,,,2,,,2,,,2,,,4,common.stopProfit
追蹤止損,,,,8,,,4,,,4,,,5,,,9,"common.trailingStop,positionModify.trailingStopTitle"
點差,,,,4,,,2,,,2,,,2,,,4,"agentTransactionSettingList.spreadTitle,agentConditionFuturesList.spreadTitle"
品項,,,,4,,,2,,,2,,,2,,,4,"agentConditionFuturesList.ItemsTitle,addAgentReferralCodePopup.itemsTitle"
代理條件-交易點差及手續費範圍列表,,,,37,,,20,,,17,,,23,,,38,agentConditionFuturesList.nameDescription
交易品項,,,,8,,,4,,,4,,,5,,,9,agentFundingDetails.filterPopup.tradingProductTitle
請選擇交易品項,,,,15,,,8,,,7,,,9,,,15,agentFundingDetails.filterPopup.tradingProductButtonHint
請選擇交易方向,,,,15,,,8,,,7,,,9,,,15,agentFundingDetails.filterPopup.tradingDirectionButtonHint
請選擇槓桿設定,,,,15,,,8,,,7,,,9,,,15,agentFundingDetails.filterPopup.leverageSettingButtonHint
持倉篩選器,,,,11,,,5,,,5,,,7,,,11,agentFundingDetails.filterPopup.positionPopupTitle
開倉篩選器,,,,11,,,5,,,5,,,7,,,11,agentFundingDetails.filterPopup.openingPopupTitle
平倉篩選器,,,,11,,,5,,,5,,,7,,,11,agentFundingDetails.filterPopup.closingPopupTitle
目前持倉,,,,8,,,4,,,4,,,5,,,9,agentFundingDetails.currentPositionButton
當前價,,,,6,,,3,,,3,,,4,,,6,orders.lastPriceTitle
撤銷,,,,4,,,2,,,2,,,2,,,4,"orders.cancelButton,orderDetail.cancelButton"
確定撤單?,,,,11,,,5,,,5,,,7,,,11,orders.cancelConfirm
掛單價,,,,6,,,3,,,3,,,4,,,6,orders.orderPrice
銀行轉帳,,,,8,,,4,,,4,,,5,,,9,"withdrawCategory.auditMethodBankTitle,withdrawBank.appBarTitle,paymentBank.appBarTitle,paymentMethod.bankTitle"
請選擇出金方法,,,,15,,,8,,,7,,,9,,,15,withdrawCategory.appBarTitle
"24 小時內出金次數已達上限
請於 24 小時後再次提交申請。",,,,59,,,31,,,27,,,37,,,60,withdrawCategory.withdrawLimitTip
"目前不是出金時間
請於以下時段再次申請出金",,,,44,,,23,,,20,,,28,,,45,withdrawCategory.notWithdrawTimeTip
出金方式,,,,8,,,4,,,4,,,5,,,9,withdrawCategory.bankMethodTitle
其餘出金方式,,,,13,,,7,,,6,,,8,,,13,withdrawCategory.otherMethodTitle
如欲申請資產出金，請切換回用戶模式進行申請。,,,,48,,,25,,,22,,,30,,,49,withdrawCategory.agentModeTip
如欲申請其他出金方式，請前往,,,,30,,,16,,,14,,,19,,,31,withdrawCategory.userModeTip.part1
帳戶管理,,,,8,,,4,,,4,,,5,,,9,withdrawCategory.userModeTip.part2
進行申請。,,,,11,,,5,,,5,,,7,,,11,withdrawCategory.userModeTip.part3
審核中的出金申請,,,,17,,,9,,,8,,,11,,,18,withdrawCategory.auditListTitle
"
您沒有任何出金帳戶，請前往申請出金帳戶並認證後，再次申請出金。",,,,68,,,36,,,31,,,43,,,69,withdrawCategory.methodEmptyTip
前往申請出金帳戶,,,,17,,,9,,,8,,,11,,,18,withdrawCategory.methodEmptyButton
請選擇出金方式,,,,15,,,8,,,7,,,9,,,15,withdrawCategory.categorySelectedDefault
下一步,,,,6,,,3,,,3,,,4,,,6,"withdrawCategory.nextStep,depositCategory.nextStep"
"無綁定帳戶, 不可選擇",,,,19,,,10,,,9,,,12,,,20,withdrawCategory.statusNoBindPayment
無可使用帳戶,,,,13,,,7,,,6,,,8,,,13,withdrawCategory.statusNoAvailablePayment
每週,,,,4,,,2,,,2,,,2,,,4,withdrawCategory.weekInterval.prefix
一,,,,2,,,1,,,1,,,1,,,2,withdrawCategory.weekInterval.week1
二,,,,2,,,1,,,1,,,1,,,2,withdrawCategory.weekInterval.week2
三,,,,2,,,1,,,1,,,1,,,2,withdrawCategory.weekInterval.week3
四,,,,2,,,1,,,1,,,1,,,2,withdrawCategory.weekInterval.week4
五,,,,2,,,1,,,1,,,1,,,2,withdrawCategory.weekInterval.week5
六,,,,2,,,1,,,1,,,1,,,2,withdrawCategory.weekInterval.week6
日,,,,2,,,1,,,1,,,1,,,2,withdrawCategory.weekInterval.week7
{start}至{end},,,,0 + ?,,,0 + ?,,,0 + ?,,,0 + ?,,,0 + ?,withdrawCategory.weekInterval.weekRange
{start}-{end},,,,0 + ?,,,0 + ?,,,0 + ?,,,0 + ?,,,0 + ?,withdrawCategory.weekInterval.timeRange
"當前出金通道關閉中
無法出金",,,,28,,,15,,,13,,,18,,,29,withdrawCategory.noWithdrawCategory.title
"可能原因如下:
1.出金通道因每日出金到達上限無法再次出金
2.系統維護中",,,,72,,,38,,,33,,,46,,,74,withdrawCategory.noWithdrawCategory.content
刪除推薦碼,,,,11,,,5,,,5,,,7,,,11,agentReferralCodeList.descriptionPopup.deleteTitle
"刪除該推薦碼，將會導致已經發出去的連結可能會失效。
已使用該推薦碼註冊的用戶則不會受到影響。

確定要刪除推薦碼嗎？",,,,121,,,64,,,55,,,77,,,123,agentReferralCodeList.descriptionPopup.contentText
註冊,,,,4,,,2,,,2,,,2,,,4,"agentReferralCodeList.registerTitle,signUp.registerButton,signUpNavigation.registerButton"
開戶,,,,4,,,2,,,2,,,2,,,4,agentReferralCodeList.openAccountTitle
已複製推薦碼連結,,,,17,,,9,,,8,,,11,,,18,agentReferralCodeList.recommendedCodeLinkToast
交易日期,,,,8,,,4,,,4,,,5,,,9,orderDetail.createDate
取消掛單成功,,,,13,,,7,,,6,,,8,,,13,orderDetail.cancelOrderSuccess
"委託異動, 請重新進入",,,,19,,,10,,,9,,,12,,,20,orderDetail.orderChanged
{unit}的{name}價格,,,,4 + ?,,,2 + ?,,,2 + ?,,,2 + ?,,,4 + ?,futuresContract.title
週數,,,,4,,,2,,,2,,,2,,,4,futuresContract.tradeTimeWeekend
{start} - 隔日{end},,,,0 + ?,,,0 + ?,,,0 + ?,,,0 + ?,,,0 + ?,futuresContract.tradeTimeIntervalOutDay
{start} - {end},,,,0 + ?,,,0 + ?,,,0 + ?,,,0 + ?,,,0 + ?,futuresContract.tradeTimeIntervalSameDay
單筆交易數量,,,,13,,,7,,,6,,,8,,,13,futuresContract.transactionLotsTitle
{min}-{max} {unit},,,,0 + ?,,,0 + ?,,,0 + ?,,,0 + ?,,,0 + ?,futuresContract.transactionLotsValue
當前槓桿,,,,8,,,4,,,4,,,5,,,9,futuresContract.currentLever
下單可調節,,,,11,,,5,,,5,,,7,,,11,futuresContract.currentLeverValueTip
合約大小,,,,8,,,4,,,4,,,5,,,9,futuresContract.contractSize
最大總持倉數量,,,,15,,,8,,,7,,,9,,,15,futuresContract.maxPositionTitle
收取時間,,,,8,,,4,,,4,,,5,,,9,futuresContract.rolloverTime
交易時段,,,,8,,,4,,,4,,,5,,,9,futuresContract.transactionTimeTitle
當前時段,,,,8,,,4,,,4,,,5,,,9,futuresContract.transactionTimeCurrent
下個時段,,,,8,,,4,,,4,,,5,,,9,futuresContract.transactionTimeNext
查看更多時段,,,,13,,,7,,,6,,,8,,,13,futuresContract.viewAllTransactionTime
"(匯率波動較大時, 將會進行調整)",,,,33,,,17,,,15,,,21,,,33,futuresContract.exchangeRateTip
折疊,,,,4,,,2,,,2,,,2,,,4,futuresContract.tableValueFold
您確定要放棄修改嗎？,,,,22,,,11,,,10,,,14,,,22,"orderModify.cancelModify,positionModify.cancelModify,chartBollSetting.cancelModify,chartKdjSetting.cancelModify,chartMacdSetting.cancelModify,chartMaSetting.cancelModify,chartRsiSetting.cancelModify,chartWrSetting.cancelModify"
設置止損價格,,,,13,,,7,,,6,,,8,,,13,"orderModify.stopLossSubtitle,positionModify.stopLossSubtitle"
設置止盈價格,,,,13,,,7,,,6,,,8,,,13,"orderModify.stopProfitSubtitle,positionModify.stopProfitSubtitle"
修改掛單,,,,8,,,4,,,4,,,5,,,9,orderModify.appBarTitle
請輸入您的掛單價格,,,,19,,,10,,,9,,,12,,,20,orderModify.accountOrderInputHint
BOLL,,,,8,,,4,,,4,,,5,,,9,"futuresChart.indicatorBoll,chartBollSetting.appBarTitle,chartSetting.indicatorBoll"
KDJ,,,,6,,,3,,,3,,,4,,,6,"futuresChart.indicatorKdj,chartKdjSetting.appBarTitle,chartSetting.indicatorKdj"
MACD,,,,8,,,4,,,4,,,5,,,9,"futuresChart.indicatorMacd,chartMacdSetting.appBarTitle,chartSetting.indicatorMacd"
MA,,,,4,,,2,,,2,,,2,,,4,"futuresChart.indicatorMa,chartMaSetting.appBarTitle,chartMaSetting.indexMa,chartSetting.indicatorMa"
RSI,,,,6,,,3,,,3,,,4,,,6,"futuresChart.indicatorRsi,chartRsiSetting.appBarTitle,chartRsiSetting.indexRsi,chartSetting.indicatorRsi"
WR,,,,4,,,2,,,2,,,2,,,4,"futuresChart.indicatorWr,chartWrSetting.appBarTitle,chartWrSetting.indexWr,chartSetting.indicatorWr"
收盤,,,,4,,,2,,,2,,,2,,,4,futuresChart.closePrice
漲跌值,,,,6,,,3,,,3,,,4,,,6,futuresChart.changeValue
漲跌幅,,,,6,,,3,,,3,,,4,,,6,futuresChart.changeRate
加載失敗,,,,8,,,4,,,4,,,5,,,9,futuresChart.loadFailTitle
無法獲取到資料,,,,15,,,8,,,7,,,9,,,15,futuresChart.loadFailContent
1分,,,,4,,,2,,,2,,,2,,,4,futuresChart.chartMinute1
5分,,,,4,,,2,,,2,,,2,,,4,futuresChart.chartMinute5
15分,,,,6,,,3,,,3,,,4,,,6,futuresChart.chartMinute15
30分,,,,6,,,3,,,3,,,4,,,6,futuresChart.chartMinute30
周線,,,,4,,,2,,,2,,,2,,,4,futuresChart.chartWeek1
月線,,,,4,,,2,,,2,,,2,,,4,futuresChart.chartMonth1
日線,,,,4,,,2,,,2,,,2,,,4,futuresChart.chartDay
調整保證金,,,,11,,,5,,,5,,,7,,,11,"adjustmentMarginDescriptionPopup.title,positionModify.adjustMargin"
我知道了,,,,8,,,4,,,4,,,5,,,9,"adjustmentMarginDescriptionPopup.button,receiveAwardPopup.know"
您可為該持倉增加或減少保證金,,,,30,,,16,,,14,,,19,,,31,adjustmentMarginDescriptionPopup.content1
增加保證金，將獲得更安全的,,,,28,,,15,,,13,,,18,,,29,adjustmentMarginDescriptionPopup.content2
減少保證金，將獲得更多,,,,24,,,12,,,11,,,15,,,24,adjustmentMarginDescriptionPopup.content4
可用保證金,,,,11,,,5,,,5,,,7,,,11,adjustmentMarginDescriptionPopup.content5
，但同時持倉風險變大。,,,,24,,,12,,,11,,,15,,,24,adjustmentMarginDescriptionPopup.content6
"提醒：
調整保證金，僅改變持倉風險，不影響訂單交易總額和訂單盈虧。",,,,70,,,37,,,32,,,44,,,72,adjustmentMarginDescriptionPopup.tip
輸入分潤細節搜尋條件,,,,22,,,11,,,10,,,14,,,22,agentProfitSharingSearch.enterDetailSearchHint
請輸入搜尋條件,,,,15,,,8,,,7,,,9,,,15,"agentProfitSharingSearch.pleaseEnterSearchHint,agentUserSearch.pleaseEnterSearchHint,agentReferralCodeSearch.pleaseEnterSearchHint,agentTransactionSettingSearch.pleaseEnterSearchHint,agentFundingDetailsSearch.pleaseEnterSearchHint"
輸入下級用戶清單搜尋條件,,,,26,,,14,,,12,,,16,,,27,agentUserSearch.enterDetailSearchHint
搜尋結果,,,,8,,,4,,,4,,,5,,,9,agentUserSearch.searchResultsTitle
輸入推薦碼搜尋條件,,,,19,,,10,,,9,,,12,,,20,agentReferralCodeSearch.enterDetailSearchHint
請選擇動作,,,,11,,,5,,,5,,,7,,,11,agentReferralCodeFunctionPopup.actionsTitle
查看清單,,,,8,,,4,,,4,,,5,,,9,agentReferralCodeFunctionPopup.actionsViewListButton
編輯,,,,4,,,2,,,2,,,2,,,4,agentReferralCodeFunctionPopup.editButton
請輸入戶名,,,,11,,,5,,,5,,,7,,,11,editAgentReferralCode.enterNameHint
編輯推薦碼,,,,11,,,5,,,5,,,7,,,11,editAgentReferralCode.editReferralCodeTitle
新增成功,,,,8,,,4,,,4,,,5,,,9,editAgentReferralCode.addSuccess
名稱,,,,4,,,2,,,2,,,2,,,4,editAgentReferralCode.nameTitle
備註,,,,4,,,2,,,2,,,2,,,4,editAgentReferralCode.remarkTitle
請輸入備註,,,,11,,,5,,,5,,,7,,,11,editAgentReferralCode.enterNoteHint
儲存,,,,4,,,2,,,2,,,2,,,4,"addAgentReferralCodePopup.confirmButton,chartBollSetting.modifyButton,chartKdjSetting.modifyButton,chartMacdSetting.modifyButton,chartMaSetting.modifyButton,chartRsiSetting.modifyButton,chartWrSetting.modifyButton"
尚有資料未填寫,,,,15,,,8,,,7,,,9,,,15,addAgentReferralCodePopup.emptyTip
編輯點差及手續費,,,,17,,,9,,,8,,,11,,,18,addAgentReferralCodePopup.editReferralCodeTitle
新增點差及手續費,,,,17,,,9,,,8,,,11,,,18,addAgentReferralCodePopup.addReferralCodeTitle
類別,,,,4,,,2,,,2,,,2,,,4,addAgentReferralCodePopup.categoryTitle
請選擇類別,,,,11,,,5,,,5,,,7,,,11,addAgentReferralCodePopup.categoryButtonHint
請選擇品項,,,,11,,,5,,,5,,,7,,,11,addAgentReferralCodePopup.itemsButtonHint
代號,,,,4,,,2,,,2,,,2,,,4,addAgentReferralCodePopup.codeNumberTitle
請輸入代號,,,,11,,,5,,,5,,,7,,,11,addAgentReferralCodePopup.codeButtonHint
調整點差,,,,8,,,4,,,4,,,5,,,9,addAgentReferralCodePopup.adjustmentSpreadTitle
調整手續費,,,,11,,,5,,,5,,,7,,,11,addAgentReferralCodePopup.adjustmentFeeTitle
超出手續費範圍,,,,15,,,8,,,7,,,9,,,15,addAgentReferralCodePopup.beyondFeeRangeTip
超出點差範圍,,,,13,,,7,,,6,,,8,,,13,addAgentReferralCodePopup.overnightRangeTip
輸入交易設定搜尋條件,,,,22,,,11,,,10,,,14,,,22,agentTransactionSettingSearch.enterDetailSearchHint
用戶分潤篩選器,,,,15,,,8,,,7,,,9,,,15,agentUserProfitSharingForm.filterPopup.popupTitle
輸入搜尋條件,,,,13,,,7,,,6,,,8,,,13,agentFundingDetailsSearch.enterDetailSearchHint
代理條件頁,,,,11,,,5,,,5,,,7,,,11,agentCondition.nameDescription
入金返利,,,,8,,,4,,,4,,,5,,,9,agentCondition.rebateTitle
交易手數返利,,,,13,,,7,,,6,,,8,,,13,agentCondition.transactionHandTitle
最低工資,,,,8,,,4,,,4,,,5,,,9,agentCondition.minimumWageTitle
最低工資獲得條件,,,,17,,,9,,,8,,,11,,,18,agentCondition.minimumWageConditionsTitle
交易點差及手續費範圍,,,,22,,,11,,,10,,,14,,,22,agentCondition.tradingSpreadsHandlingTitle
當前非交易時段,,,,15,,,8,,,7,,,9,,,15,"positionModify.errorNotTradingTime,requestError.notTradingTime"
該品項暫時無法交易,,,,19,,,10,,,9,,,12,,,20,"positionModify.errorFuturesNotTradingTime,requestError.quotaUpdateOutTime"
修改持倉單,,,,11,,,5,,,5,,,7,,,11,positionModify.appBarTitle
部份單號平倉失敗!,,,,19,,,10,,,9,,,12,,,20,positionModify.closeMultiPositionPartialFailTitle
查無此單號,,,,11,,,5,,,5,,,7,,,11,positionModify.errorClosePositionFindNoSerial
未知錯誤({code}),,,,13 + ?,,,7 + ?,,,6 + ?,,,8 + ?,,,13 + ?,positionModify.errorGeneralCode
調整後預估強平價,,,,17,,,9,,,8,,,11,,,18,positionModify.adjustedLiquidationPrice
追加,,,,4,,,2,,,2,,,2,,,4,positionModify.append
最多可追加,,,,11,,,5,,,5,,,7,,,11,positionModify.mostAppend
請輸入金額,,,,11,,,5,,,5,,,7,,,11,"positionModify.adjustMarginHint,paymentBank.paymentPriceTitle"
請輸入{min}元以上金額,,,,17 + ?,,,9 + ?,,,8 + ?,,,11 + ?,,,18 + ?,"positionModify.adjustMarginInputMinHint,depositThirdParty.inputMinHint"
請輸入{max}元以下金額,,,,17 + ?,,,9 + ?,,,8 + ?,,,11 + ?,,,18 + ?,"positionModify.adjustMarginInputMaxHint,depositThirdParty.inputMaxHint"
指標,,,,4,,,2,,,2,,,2,,,4,"chartBollSetting.index,chartKdjSetting.index,chartMacdSetting.index"
默認設置,,,,8,,,4,,,4,,,5,,,9,"chartBollSetting.defaultSetting,chartKdjSetting.defaultSetting,chartMacdSetting.defaultSetting,chartMaSetting.defaultSetting,chartRsiSetting.defaultSetting,chartWrSetting.defaultSetting"
UP,,,,4,,,2,,,2,,,2,,,4,chartBollSetting.indexUp
DN,,,,4,,,2,,,2,,,2,,,4,chartBollSetting.indexDn
MB,,,,4,,,2,,,2,,,2,,,4,chartBollSetting.indexMb
時間週期,,,,8,,,4,,,4,,,5,,,9,"chartBollSetting.timePeriod,chartMacdSetting.timePeriod"
帶寬,,,,4,,,2,,,2,,,2,,,4,chartBollSetting.bandWidth
K,,,,2,,,1,,,1,,,1,,,2,chartKdjSetting.indexK
D,,,,2,,,1,,,1,,,1,,,2,chartKdjSetting.indexD
J,,,,2,,,1,,,1,,,1,,,2,chartKdjSetting.indexJ
計算週期,,,,8,,,4,,,4,,,5,,,9,chartKdjSetting.calculatePeriod
移動平均週期1,,,,15,,,8,,,7,,,9,,,15,chartKdjSetting.maPeriod1
移動平均週期2,,,,15,,,8,,,7,,,9,,,15,chartKdjSetting.maPeriod2
DIF,,,,6,,,3,,,3,,,4,,,6,chartMacdSetting.indexDif
DEA,,,,6,,,3,,,3,,,4,,,6,chartMacdSetting.indexDea
短週期,,,,6,,,3,,,3,,,4,,,6,chartMacdSetting.shortPeriod
長週期,,,,6,,,3,,,3,,,4,,,6,chartMacdSetting.longPeriod
週期,,,,4,,,2,,,2,,,2,,,4,"chartRsiSetting.period,chartWrSetting.period"
圖表類型,,,,8,,,4,,,4,,,5,,,9,"chartTypeSetting.appBarTitle,chartSetting.chartType"
蠟燭圖,,,,6,,,3,,,3,,,4,,,6,chartTypeSetting.kLineChart
分時圖,,,,6,,,3,,,3,,,4,,,6,chartTypeSetting.lineIndexChart
下級用戶專用,,,,13,,,7,,,6,,,8,,,13,agentReferralCodeUsers.appBarTitle
提交申請中,,,,11,,,5,,,5,,,7,,,11,withdrawBank.withdrawRequestSending
提交出金申請,,,,13,,,7,,,6,,,8,,,13,withdrawBank.withdrawButton
出金申請完成,,,,13,,,7,,,6,,,8,,,13,withdrawBank.completeTitle
"審核預計會需要 3-5 個工作天。
通過後，您將會收到資金轉帳通知。",,,,68,,,36,,,31,,,43,,,69,withdrawBank.completeContent
已完成申請,,,,11,,,5,,,5,,,7,,,11,withdrawBank.completeButton
額度,,,,4,,,2,,,2,,,2,,,4,withdrawBank.pricePrefix
出金帳戶設定,,,,13,,,7,,,6,,,8,,,13,"accountPaymentManager.appBarTitle,bankAccountDetail.appBarTitle,accountManager.withdrawalAccountSettings"
"您目前沒有任何出金帳戶，請下方或
右上角「+」按鈕新增後
進行審核。",,,,70,,,37,,,32,,,44,,,72,accountPaymentManager.emptyTip
新增出金帳戶,,,,13,,,7,,,6,,,8,,,13,accountPaymentManager.addBankAccount
 ,,,,0,,,0,,,0,,,0,,,0,accountPaymentManager.statusSuccess
未過審,,,,6,,,3,,,3,,,4,,,6,accountPaymentManager.statusFail
目前無出金方式，如要新增出金帳戶，請,,,,39,,,21,,,18,,,25,,,40,accountPaymentManager.paymentCategoryEmptyPopup.noPaymentTip
聯繫客服人員,,,,13,,,7,,,6,,,8,,,13,accountPaymentManager.paymentCategoryEmptyPopup.contactCustomerService
獲取交易帳戶中,,,,15,,,8,,,7,,,9,,,15,paymentBank.gettingTransferAccount
PAY,,,,6,,,3,,,3,,,4,,,6,"paymentBank.payTag,depositThirdParty.payTag,depositChannel.payTag"
立即入金享受交易,,,,17,,,9,,,8,,,11,,,18,"paymentBank.confirmPaymentButton,depositThirdParty.confirmPaymentButton,paymentCreditCard.confirmValueGetUrlButton"
最低{value},,,,4 + ?,,,2 + ?,,,2 + ?,,,2 + ?,,,4 + ?,paymentBank.paymentRangeOnlyMin
{min}-{max},,,,0 + ?,,,0 + ?,,,0 + ?,,,0 + ?,,,0 + ?,paymentBank.paymentRangeMinMax
重要提醒,,,,8,,,4,,,4,,,5,,,9,"paymentBank.remindTitle,depositCheck.title"
"請使用本人的帳戶轉帳
帳戶有效期限為 24 小時
轉帳金額務必一致
請勿重複轉帳",,,,77,,,41,,,35,,,49,,,78,paymentBank.remindTip
獲得轉帳資訊 去轉帳,,,,19,,,10,,,9,,,12,,,20,"paymentBank.toTransferButton,depositCheck.button"
我已瞭解上述資訊,,,,17,,,9,,,8,,,11,,,18,paymentBank.learnInfoReady
入金金額,,,,8,,,4,,,4,,,5,,,9,paymentBank.transferAccountTitle
請於,,,,4,,,2,,,2,,,2,,,4,paymentBank.transferCompleteContent1
完成轉帳,,,,8,,,4,,,4,,,5,,,9,paymentBank.transferCompleteContent2
收款銀行及代碼,,,,15,,,8,,,7,,,9,,,15,paymentBank.transferBankAndCode
收款帳戶,,,,8,,,4,,,4,,,5,,,9,paymentBank.transferBankAccount
已完成轉帳,,,,11,,,5,,,5,,,7,,,11,paymentBank.completeButton
"注意事項：
轉帳金額與申請金額不一致，則無法轉帳成功。
超過有效期限，則無法轉帳成功。
請不要重複匯款。",,,,107,,,57,,,49,,,68,,,110,paymentBank.transferDescriptionTip
"溫馨提示:如遇入金問題，
請第一時間聯繫",,,,41,,,22,,,19,,,26,,,42,paymentBank.paymentValueTip1
在線客服,,,,8,,,4,,,4,,,5,,,9,"paymentBank.paymentValueTip2,depositThirdParty.tip2"
"客服人員會協助您迅速入金。
服務宗旨:秉承「用戶至上」真誠「
用心為您服務」。",,,,81,,,43,,,37,,,51,,,83,paymentBank.paymentValueTip3
輸入驗證碼,,,,11,,,5,,,5,,,7,,,11,"emailBind.captchaHint,forgotPassword.enterCaptchaHint,changePassword.captchaHint"
立即驗證,,,,8,,,4,,,4,,,5,,,9,"emailBind.verifyImmediately,phoneBind.confirmButton"
請輸入信箱,,,,11,,,5,,,5,,,7,,,11,emailBind.emailHint
已成功驗證信箱,,,,15,,,8,,,7,,,9,,,15,emailBind.bindEmailSuccess
使用者驗證資料,,,,15,,,8,,,7,,,9,,,15,accountIdentifyData.appBarTitle
英文姓名,,,,8,,,4,,,4,,,5,,,9,"accountIdentifyData.englishNameTitle,personalVerify.englishNameTitle"
地址,,,,4,,,2,,,2,,,2,,,4,"accountIdentifyData.addressTitle,personalVerify.addressTitle"
職業,,,,4,,,2,,,2,,,2,,,4,accountIdentifyData.professionTitle
就業狀態,,,,8,,,4,,,4,,,5,,,9,"accountIdentifyData.employmentTitle,personalVerify.employmentStatusTitle"
交易經驗,,,,8,,,4,,,4,,,5,,,9,"accountIdentifyData.transactionExperienceTitle,personalVerify.tradingExperienceTitle"
開戶原因,,,,8,,,4,,,4,,,5,,,9,"accountIdentifyData.reasonsOpeningAccountTitle,personalVerify.accountOpeningReasonTitle"
收入,,,,4,,,2,,,2,,,2,,,4,"accountIdentifyData.incomeTitle,personalVerify.incomeRangeTitle"
總財富,,,,6,,,3,,,3,,,4,,,6,"accountIdentifyData.totalWealthTitle,personalVerify.totalPossessionsTitle"
收入與財富來源,,,,15,,,8,,,7,,,9,,,15,"accountIdentifyData.incomeWealthSourceTitle,personalVerify.sourceIncomeTitle"
手持證件照,,,,11,,,5,,,5,,,7,,,11,accountIdentifyData.handleIdCardTitle
如需修改驗證資料，請洽客服人員,,,,33,,,17,,,15,,,21,,,33,accountIdentifyData.needModifyTip
投資,,,,4,,,2,,,2,,,2,,,4,personalVerify.accountOpenReasonInvest
對沖,,,,4,,,2,,,2,,,2,,,4,personalVerify.accountOpenReasonHedge
投機,,,,4,,,2,,,2,,,2,,,4,personalVerify.accountOpenReasonSpeculation
在職中,,,,6,,,3,,,3,,,4,,,6,personalVerify.employmentStatusEmployed
自營,,,,4,,,2,,,2,,,2,,,4,personalVerify.employmentStatusSelfEmployed
待業,,,,4,,,2,,,2,,,2,,,4,personalVerify.employmentStatusUnemployed
學生,,,,4,,,2,,,2,,,2,,,4,personalVerify.employmentStatusStudent
退休,,,,4,,,2,,,2,,,2,,,4,personalVerify.employmentStatusRetire
"超過 USD200,000",,,,24,,,12,,,11,,,15,,,24,personalVerify.incomeRangeOver200k
"USD100,000 - 200,000",,,,35,,,18,,,16,,,22,,,36,personalVerify.incomeRange100kTo200k
"USD50,000 - 100,000",,,,33,,,17,,,15,,,21,,,33,personalVerify.incomeRange50kTo100k
"USD20,000 - 50,000",,,,30,,,16,,,14,,,19,,,31,personalVerify.incomeRange20kTo50k
"USD20,000 以下",,,,22,,,11,,,10,,,14,,,22,personalVerify.incomeRangeBelow20k
請先填入真實姓名,,,,17,,,9,,,8,,,11,,,18,personalVerify.errorRealNameEmpty
請先填入英文姓名,,,,17,,,9,,,8,,,11,,,18,personalVerify.errorEnglishNameEmpty
尚未選擇國家,,,,13,,,7,,,6,,,8,,,13,personalVerify.errorCountryEmpty
尚未填入地址,,,,13,,,7,,,6,,,8,,,13,personalVerify.errorAddressEmpty
尚未選擇職業別,,,,15,,,8,,,7,,,9,,,15,personalVerify.errorProfessionEmpty
尚未選擇就業狀態,,,,17,,,9,,,8,,,11,,,18,personalVerify.errorEmploymentStatusEmpty
尚未選擇交易經驗,,,,17,,,9,,,8,,,11,,,18,personalVerify.errorTradingExperienceEmpty
尚未選擇開戶原因,,,,17,,,9,,,8,,,11,,,18,personalVerify.errorAccountOpeningReasonEmpty
尚未選擇收入範圍,,,,17,,,9,,,8,,,11,,,18,personalVerify.errorIncomeEmpty
尚未選擇總財產範圍,,,,19,,,10,,,9,,,12,,,20,personalVerify.errorTotalPossessionsEmpty
尚未選擇收入與總財產範圍範圍,,,,30,,,16,,,14,,,19,,,31,personalVerify.errorSourceIncomeEmpty
衛生保健,,,,8,,,4,,,4,,,5,,,9,personalVerify.professionHealthCare
一般商業,,,,8,,,4,,,4,,,5,,,9,personalVerify.professionGeneralBusiness
軍人,,,,4,,,2,,,2,,,2,,,4,personalVerify.professionSoldier
農牧業,,,,6,,,3,,,3,,,4,,,6,personalVerify.professionAgricultureAndAnimalHusbandry
新聞廣告業,,,,11,,,5,,,5,,,7,,,11,personalVerify.professionNewsAndAdvertising
公共事業,,,,8,,,4,,,4,,,5,,,9,personalVerify.professionPublicUtilities
治安人員,,,,8,,,4,,,4,,,5,,,9,personalVerify.professionSecurityOfficer
交通運輸業,,,,11,,,5,,,5,,,7,,,11,personalVerify.professionTransportationIndustry
製造業,,,,6,,,3,,,3,,,4,,,6,personalVerify.professionManufacturing
宗教團體,,,,8,,,4,,,4,,,5,,,9,personalVerify.professionReligiousGroup
資訊業,,,,6,,,3,,,3,,,4,,,6,personalVerify.professionInformationIndustry
木材森林業,,,,11,,,5,,,5,,,7,,,11,personalVerify.professionTimberForestry
文教機關,,,,8,,,4,,,4,,,5,,,9,personalVerify.professionEducationalInstitute
建築工程業,,,,11,,,5,,,5,,,7,,,11,personalVerify.professionConstructionIndustry
家庭管理,,,,8,,,4,,,4,,,5,,,9,personalVerify.professionFamilyManagement
一般職業,,,,8,,,4,,,4,,,5,,,9,personalVerify.professionGeneralOccupation
礦業採石業,,,,11,,,5,,,5,,,7,,,11,personalVerify.professionMiningAndQuarrying
餐旅業,,,,6,,,3,,,3,,,4,,,6,personalVerify.professionHospitalityIndustry
娛樂業,,,,6,,,3,,,3,,,4,,,6,personalVerify.professionEntertainmentIndustry
服務業,,,,6,,,3,,,3,,,4,,,6,personalVerify.professionServiceIndustry
運動人員,,,,8,,,4,,,4,,,5,,,9,personalVerify.professionAthlete
漁業,,,,4,,,2,,,2,,,2,,,4,personalVerify.professionFishery
儲蓄,,,,4,,,2,,,2,,,2,,,4,personalVerify.incomeSourceDeposit
薪資收入,,,,8,,,4,,,4,,,5,,,9,personalVerify.incomeSourcePay
租金,,,,4,,,2,,,2,,,2,,,4,personalVerify.incomeSourceRent
貸款,,,,4,,,2,,,2,,,2,,,4,personalVerify.incomeSourceLoan
退休金,,,,6,,,3,,,3,,,4,,,6,personalVerify.incomeSourcePension
遺產,,,,4,,,2,,,2,,,2,,,4,personalVerify.incomeSourceHeritage
不足一年,,,,8,,,4,,,4,,,5,,,9,personalVerify.tradingExperienceRangeBelow1y
一年以上兩年未滿,,,,17,,,9,,,8,,,11,,,18,personalVerify.tradingExperienceMore1yBelow2y
兩年以上四年未滿,,,,17,,,9,,,8,,,11,,,18,personalVerify.tradingExperienceMore2yBelow4y
四年以上,,,,8,,,4,,,4,,,5,,,9,personalVerify.tradingExperienceMore4y
無經驗,,,,6,,,3,,,3,,,4,,,6,personalVerify.tradingExperienceNo
步驟1 - 個人資料驗證 (1/4),,,,33,,,17,,,15,,,21,,,33,personalVerify.stepHeaderTitle
共9題,,,,6,,,3,,,3,,,4,,,6,personalVerify.stepHeaderSubtitle
"下一步, 文件驗證",,,,15,,,8,,,7,,,9,,,15,personalVerify.nextStepButton
國家或地區,,,,11,,,5,,,5,,,7,,,11,personalVerify.addressDefault
請輸入信用卡或護照的英文名稱,,,,30,,,16,,,14,,,19,,,31,personalVerify.englishNameHint
職業別,,,,6,,,3,,,3,,,4,,,6,personalVerify.professionTitle
請選擇職業別,,,,13,,,7,,,6,,,8,,,13,personalVerify.professionDefault
請輸入身分證上的名字,,,,22,,,11,,,10,,,14,,,22,personalVerify.realNameHint
(可多選),,,,11,,,5,,,5,,,7,,,11,personalVerify.sourceIncomeSubTitle
去完成,,,,6,,,3,,,3,,,4,,,6,achievementsLevelList.typesUndone
領取,,,,4,,,2,,,2,,,2,,,4,achievementsLevelList.typesNotReceived
每日任務,,,,8,,,4,,,4,,,5,,,9,dailyMission.appBarTitle
尚無每日任務,,,,13,,,7,,,6,,,8,,,13,dailyMission.emptyTip
每日任務獎勵領取僅限「真實賬戶」交易行為,,,,44,,,23,,,20,,,28,,,45,dailyMission.missionTip
繁體中文,,,,8,,,4,,,4,,,5,,,9,languageSetting.localeZhTw
簡體中文,,,,8,,,4,,,4,,,5,,,9,languageSetting.localeZhCn
中文,,,,4,,,2,,,2,,,2,,,4,languageSetting.localeZh
English,,,,15,,,8,,,7,,,9,,,15,languageSetting.localeEn
日本語,,,,6,,,3,,,3,,,4,,,6,languageSetting.localeJp
한국어,,,,6,,,3,,,3,,,4,,,6,languageSetting.localeKr
ไทย,,,,6,,,3,,,3,,,4,,,6,languageSetting.localeTh
Tiếng Việt,,,,19,,,10,,,9,,,12,,,20,languageSetting.localeVi
升跌顏色,,,,8,,,4,,,4,,,5,,,9,upDownColorSetting.appBarTitle
資料為空,,,,8,,,4,,,4,,,5,,,9,"requestError.dataEmpty,emptyPlace.tip"
連線逾時,,,,8,,,4,,,4,,,5,,,9,requestError.connectTimeOut
糟糕 出現了一個錯誤,,,,19,,,10,,,9,,,12,,,20,requestError.system
賬號密碼錯誤,,,,13,,,7,,,6,,,8,,,13,requestError.accPwdError
賬戶已停權,,,,11,,,5,,,5,,,7,,,11,requestError.blackAccount
交易資金不足,,,,13,,,7,,,6,,,8,,,13,requestError.capitalScarcity
交易只可開倉,,,,13,,,7,,,6,,,8,,,13,requestError.openPositionOnly
交易只可平倉,,,,13,,,7,,,6,,,8,,,13,requestError.closePositionOnly
更新資料失敗,,,,13,,,7,,,6,,,8,,,13,requestError.updateDataFail
此品項當前不可交易,,,,19,,,10,,,9,,,12,,,20,requestError.contractDisabled
手機號格式錯誤,,,,15,,,8,,,7,,,9,,,15,requestError.phoneFormat
手機驗證碼錯誤,,,,15,,,8,,,7,,,9,,,15,requestError.phoneCode
請先清空持倉,,,,13,,,7,,,6,,,8,,,13,requestError.positionNotEmpty
資金不足,,,,8,,,4,,,4,,,5,,,9,requestError.withdrawUnderFunding
請先綁定銀行卡,,,,15,,,8,,,7,,,9,,,15,requestError.noBankBind
戶名需與賬號名稱相同,,,,22,,,11,,,10,,,14,,,22,requestError.bankCardAccNoSame
發生未預期錯誤,,,,15,,,8,,,7,,,9,,,15,requestError.unexpected
請先切換狀態為實盤交易,,,,24,,,12,,,11,,,15,,,24,requestError.simulateAccountNoFeature
前筆訂單尚未完成,,,,17,,,9,,,8,,,11,,,18,requestError.preFundingOrderNoComplete
金額超出範圍,,,,13,,,7,,,6,,,8,,,13,requestError.fundingOutPriceOutRange
入金通道維護中,,,,15,,,8,,,7,,,9,,,15,requestError.fundingInClose
漲停跌停時停止交易,,,,19,,,10,,,9,,,12,,,20,"requestError.limitUpCanNotBuyIn,requestError.limitDownCanNotSellOut"
已領取{n}個獎勵,,,,13 + ?,,,7 + ?,,,6 + ?,,,8 + ?,,,13 + ?,receiveAwardPopup.receivedCount
已領取「{n}」,,,,11 + ?,,,5 + ?,,,5 + ?,,,7 + ?,,,11 + ?,receiveAwardPopup.receivedTitle
前往歷史獎勵,,,,13,,,7,,,6,,,8,,,13,receiveAwardPopup.historyButton
今日不再提醒,,,,13,,,7,,,6,,,8,,,13,receiveAwardPopup.noTipToday
使用信箱註冊,,,,13,,,7,,,6,,,8,,,13,signUp.emailRegistrationTitle
請填寫您的電子信箱,,,,19,,,10,,,9,,,12,,,20,"signUp.enterEmailHint,forgotPassword.enterEmailHint,login.enterEmailHint"
註冊成功,,,,8,,,4,,,4,,,5,,,9,signUp.signUpSuccess
輸入信箱收到的驗證碼,,,,22,,,11,,,10,,,14,,,22,signUp.emailEnterCodeHint
註冊即代表您同意我們的,,,,24,,,12,,,11,,,15,,,24,signUp.agreeOurPrivacy
隱私和政策.,,,,11,,,5,,,5,,,7,,,11,signUp.agreeOurPrivacyValue
已有帳號？,,,,11,,,5,,,5,,,7,,,11,"signUp.alreadyHaveAccountButton,signUpNavigation.alreadyHaveAccountButton"
使用手機號碼註冊,,,,17,,,9,,,8,,,11,,,18,signUp.phoneNumberRegistrationTitle
請輸入您的手機號碼,,,,19,,,10,,,9,,,12,,,20,"signUp.enterPhoneNumberHint,forgotPassword.enterPhoneNumberHint,phoneBind.inputPhoneHint,login.enterPhoneNumberHint"
輸入密碼,,,,8,,,4,,,4,,,5,,,9,"signUp.enterPasswordHint,login.enterPasswordHint"
輸入邀請碼(非必填),,,,22,,,11,,,10,,,14,,,22,signUp.enterReferralInputHint
輸入簡訊收到的驗證碼,,,,22,,,11,,,10,,,14,,,22,"signUp.phoneNumberEnterCodeHint,phoneBind.phoneNumberEnterCodeHint"
超過一百個以上的交易品項,,,,26,,,14,,,12,,,16,,,27,signUpNavigation.benefit1
二十四小時隨時交易,,,,19,,,10,,,9,,,12,,,20,signUpNavigation.benefit2
免佣金以及低點差,,,,17,,,9,,,8,,,11,,,18,signUpNavigation.benefit3
免費的獨家見解,,,,15,,,8,,,7,,,9,,,15,signUpNavigation.benefit4
歡迎,,,,4,,,2,,,2,,,2,,,4,signUpNavigation.welcomeTitle
新使用者註冊,,,,13,,,7,,,6,,,8,,,13,signUpNavigation.newUserTitle
您還沒註冊嗎?,,,,15,,,8,,,7,,,9,,,15,signUpNavigation.registeredYet
圖表設置,,,,8,,,4,,,4,,,5,,,9,chartSetting.appBarTitle
技術指標,,,,8,,,4,,,4,,,5,,,9,chartSetting.indicatorIndex
溫馨提示:如遇入金問題，請第一時間聯繫,,,,41,,,22,,,19,,,26,,,42,depositThirdParty.tip1
，客服人員會協助您迅速入金。,,,,30,,,16,,,14,,,19,,,31,depositThirdParty.tip3
客服QQ:{phone},,,,11 + ?,,,5 + ?,,,5 + ?,,,7 + ?,,,11 + ?,depositThirdParty.tip4
服務宗旨:秉承“用戶至上”真誠“用心為您服務”。,,,,52,,,28,,,24,,,33,,,54,depositThirdParty.tip5
請輸入入金金額：,,,,17,,,9,,,8,,,11,,,18,depositThirdParty.payTagTitle
入金金額區間：USD {min} ~ {max},,,,22 + ?,,,11 + ?,,,10 + ?,,,14 + ?,,,22 + ?,depositThirdParty.rangeTip
信用卡線上刷卡,,,,15,,,8,,,7,,,9,,,15,paymentMethod.creditTitle
提供每月5至10次的免費跨行轉帳,,,,35,,,18,,,16,,,22,,,36,paymentMethod.bankDescription
天天刷享超高1.88%現金回饋,,,,30,,,16,,,14,,,19,,,31,paymentMethod.creditDescription
推薦入金方式,,,,13,,,7,,,6,,,8,,,13,"paymentMethod.recommendedMethod,depositCategory.recommendedMethod"
其餘入金方式,,,,13,,,7,,,6,,,8,,,13,paymentMethod.otherMethod
審核需要 3-5 個工作天，如有任何問題請聯絡客服人員。,,,,57,,,30,,,26,,,36,,,58,bankAccountDetail.auditStatusTip
如欲修正或刪除出金帳戶，請聯繫客服人員進行處理。,,,,52,,,28,,,24,,,33,,,54,bankAccountDetail.successStatusTip
未過審原因,,,,11,,,5,,,5,,,7,,,11,bankAccountDetail.failStatusTip
申請修改,,,,8,,,4,,,4,,,5,,,9,"bankAccountDetail.applyModifyButton,bankAccountDetail.fixDataButton"
修改密碼,,,,8,,,4,,,4,,,5,,,9,"accountManager.changePassword,changePassword.appBarTitle"
設置,,,,4,,,2,,,2,,,2,,,4,accountManager.appBarTitle
帳戶資訊,,,,8,,,4,,,4,,,5,,,9,accountManager.accountInfo
請選擇入金帳戶,,,,15,,,8,,,7,,,9,,,15,depositChannel.appBarTitle
入金帳戶,,,,8,,,4,,,4,,,5,,,9,depositChannel.depositAccount
入金金額區間：,,,,15,,,8,,,7,,,9,,,15,depositChannel.amountRange
信用卡刷卡,,,,11,,,5,,,5,,,7,,,11,paymentCreditCard.appBarTitle
提交資料中,,,,11,,,5,,,5,,,7,,,11,paymentCreditCard.getUrlLoading
請輸入正確的日期,,,,17,,,9,,,8,,,11,,,18,"paymentCreditCard.errorMonthFormat,paymentCreditCard.errorYearFormat"
請輸入有效的銀行卡號,,,,22,,,11,,,10,,,14,,,22,paymentCreditCard.errorCardNumberFormat
請輸入正確的安全碼,,,,19,,,10,,,9,,,12,,,20,paymentCreditCard.errorCardSecurityFormat
卡號,,,,4,,,2,,,2,,,2,,,4,paymentCreditCard.cardNumberTitle
有效日期,,,,8,,,4,,,4,,,5,,,9,paymentCreditCard.validThruTitle
CVV 安全碼,,,,13,,,7,,,6,,,8,,,13,paymentCreditCard.cardSecurityCodeTitle
持卡人姓名,,,,11,,,5,,,5,,,7,,,11,paymentCreditCard.cardOwnerTitle
MM,,,,4,,,2,,,2,,,2,,,4,paymentCreditCard.monthHint
YY,,,,4,,,2,,,2,,,2,,,4,paymentCreditCard.yearHint
請輸入信用卡號,,,,15,,,8,,,7,,,9,,,15,paymentCreditCard.cardNumberHint
安全碼,,,,6,,,3,,,3,,,4,,,6,paymentCreditCard.cardSecurityCodeHint
交易成功,,,,8,,,4,,,4,,,5,,,9,paymentCreditCard.transactionCompleteTitle
刷卡金額,,,,8,,,4,,,4,,,5,,,9,paymentCreditCard.swipeCardValue
刷卡時間,,,,8,,,4,,,4,,,5,,,9,paymentCreditCard.swipeCardTime
匯率,,,,4,,,2,,,2,,,2,,,4,paymentCreditCard.exchangeRate
立刻前往交易,,,,13,,,7,,,6,,,8,,,13,paymentCreditCard.toMarketButton
"請使用本人的帳戶轉帳
帳戶有效期限各家銀行不同
請留意入金帳戶是否正確
轉帳金額務必一致
請勿重複轉帳",,,,103,,,55,,,47,,,65,,,105,depositCheck.contentTip
我已了解上述資訊,,,,17,,,9,,,8,,,11,,,18,depositCheck.checkTip
密碼重設成功,,,,13,,,7,,,6,,,8,,,13,forgotPassword.resetSuccess
確認並提交,,,,11,,,5,,,5,,,7,,,11,forgotPassword.resetButton
請輸入新密碼,,,,13,,,7,,,6,,,8,,,13,"forgotPassword.newPasswordHint,changePassword.newPasswordHint"
確認變更,,,,8,,,4,,,4,,,5,,,9,changePassword.modifyButton
驗證電話,,,,8,,,4,,,4,,,5,,,9,phoneBind.appBarTitle
已成功綁定電話,,,,15,,,8,,,7,,,9,,,15,phoneBind.bindSuccess
登入成功,,,,8,,,4,,,4,,,5,,,9,login.loginSuccess
立刻註冊,,,,8,,,4,,,4,,,5,,,9,login.registerNowButton
忘記密碼？,,,,11,,,5,,,5,,,7,,,11,login.forgetPasswordButton
請選擇入金方法,,,,15,,,8,,,7,,,9,,,15,depositCategory.appBarTitle
"目前暫時無法提供任何入金方式
請稍後再試",,,,41,,,22,,,19,,,26,,,42,depositCategory.empty
聯絡客服,,,,8,,,4,,,4,,,5,,,9,depositCategory.customerService
請選擇入金方式,,,,15,,,8,,,7,,,9,,,15,depositCategory.depositMethodHint
保證金比例過低提示! ({percent}%),,,,28 + ?,,,15 + ?,,,13 + ?,,,18 + ?,,,29 + ?,marginLevelWarningBar.tip
國家,,,,4,,,2,,,2,,,2,,,4,countryCode.country
請輸入名稱或區碼,,,,17,,,9,,,8,,,11,,,18,countryCode.searchEnterHint
身份證明文件,,,,13,,,7,,,6,,,8,,,13,fileVerify.idCardTitle
缺少身分證正面,,,,15,,,8,,,7,,,9,,,15,fileVerify.errorIdForwardEmpty
缺少身分證反面,,,,15,,,8,,,7,,,9,,,15,fileVerify.errorIdBackwardEmpty
請上傳護照,,,,11,,,5,,,5,,,7,,,11,fileVerify.errorPassportEmpty
缺少駕照正面,,,,13,,,7,,,6,,,8,,,13,fileVerify.errorDrivingLicenseForwardEmpty
缺少駕照反面,,,,13,,,7,,,6,,,8,,,13,fileVerify.errorDrivingLicenseBackwardEmpty
請上傳戶口名簿/居留證,,,,24,,,12,,,11,,,15,,,24,fileVerify.errorAccountBookOrResidentPermitEmpty
"下一步, 身分驗證",,,,15,,,8,,,7,,,9,,,15,fileVerify.nextStepIdCard
點擊上傳或拍攝身份證明文件正面,,,,33,,,17,,,15,,,21,,,33,fileVerify.tapUploadIdCardForward
點擊上傳或拍攝身份證明文件反面,,,,33,,,17,,,15,,,21,,,33,fileVerify.tapUploadIdCardBackward
點擊上傳或拍攝護照,,,,19,,,10,,,9,,,12,,,20,fileVerify.tapUploadPassport
點擊上傳或拍攝駕照正面,,,,24,,,12,,,11,,,15,,,24,fileVerify.tapUploadDrivingLicenseForward
點擊上傳或拍攝駕照反面,,,,24,,,12,,,11,,,15,,,24,fileVerify.tapUploadDrivingLicenseBackward
點擊上傳或拍攝戶口名簿/居留證,,,,33,,,17,,,15,,,21,,,33,fileVerify.tapUploadAccountBookOrResidentPermit
步驟2 - 文件驗證(2/4),,,,28,,,15,,,13,,,18,,,29,fileVerify.stepHeaderTitle
共1題,,,,6,,,3,,,3,,,4,,,6,"fileVerify.stepHeaderSubtitle,handIdCardVerify.stepHeaderSubtitle,proveIdVerify.stepHeaderSubtitle"
請確保文件內容顯示您的全名、出生日期、證件開立日期,,,,55,,,29,,,25,,,35,,,56,fileVerify.contentTip
合格文件,,,,8,,,4,,,4,,,5,,,9,fileVerify.qualifiedFile
"照片清晰
解析度高
證件四角皆有入鏡",,,,35,,,18,,,16,,,22,,,36,fileVerify.qualifiedFileTip
不合格文件,,,,11,,,5,,,5,,,7,,,11,fileVerify.failedFile
"照片模糊、反光
解析度過低
證件四角被裁切",,,,41,,,22,,,19,,,26,,,42,fileVerify.failedFileTip
請先上傳手持證件照,,,,19,,,10,,,9,,,12,,,20,handIdCardVerify.errorPictureEmpty
完成身份證明上傳,,,,17,,,9,,,8,,,11,,,18,handIdCardVerify.completeButton
"點擊上傳或拍攝
手持身分證或護照的自拍照",,,,41,,,22,,,19,,,26,,,42,handIdCardVerify.tapUpload
"手持證件照自拍上傳時,須符合以下條件",,,,37,,,20,,,17,,,23,,,38,handIdCardVerify.pictureTipTitle
請保留頭頂至下巴完整輪廓,,,,26,,,14,,,12,,,16,,,27,handIdCardVerify.pictureTipContent1
身份證置於臉旁勿遮住臉部,,,,26,,,14,,,12,,,16,,,27,handIdCardVerify.pictureTipContent2
手指請勿遮住證件文字,,,,22,,,11,,,10,,,14,,,22,handIdCardVerify.pictureTipContent3
步驟4 - 證明身份(4/4),,,,28,,,15,,,13,,,18,,,29,handIdCardVerify.stepHeaderTitle
請先上傳信件照片,,,,17,,,9,,,8,,,11,,,18,proveIdVerify.errorLetterEmpty
請先上傳帳單照片,,,,17,,,9,,,8,,,11,,,18,proveIdVerify.errorBillEmpty
信件,,,,4,,,2,,,2,,,2,,,4,proveIdVerify.letterTypeTitle
帳單,,,,4,,,2,,,2,,,2,,,4,proveIdVerify.billTypeTitle
證明身份,,,,8,,,4,,,4,,,5,,,9,proveIdVerify.typeSelectTitle
點擊上傳或拍攝信件,,,,19,,,10,,,9,,,12,,,20,proveIdVerify.uploadLetterTitle
點擊上傳或拍攝帳單,,,,19,,,10,,,9,,,12,,,20,proveIdVerify.uploadBillTitle
步驟3 - 證明身份(3/4),,,,28,,,15,,,13,,,18,,,29,proveIdVerify.stepHeaderTitle
重新上傳,,,,8,,,4,,,4,,,5,,,9,imagePicker.reUpload
加入照片,,,,8,,,4,,,4,,,5,,,9,imagePicker.sheet.title
拍照,,,,4,,,2,,,2,,,2,,,4,imagePicker.sheet.camera
從相簿中選取,,,,13,,,7,,,6,,,8,,,13,imagePicker.sheet.gallery
去入金,,,,6,,,3,,,3,,,4,,,6,futuresMarket.toDeposit
身份驗證,,,,8,,,4,,,4,,,5,,,9,identifyVerification.appBarTitle
上傳送審資料成功,,,,17,,,9,,,8,,,11,,,18,identifyVerification.uploadSuccess
"證明身份流程完成, 恭喜獲得
{award}",,,,26 + ?,,,14 + ?,,,12 + ?,,,16 + ?,,,27 + ?,identifyVerificationResult.title
將會需要 1-5 個工作天，確認驗證完畢，您就可以入金，享受交易了,,,,68,,,36,,,31,,,43,,,69,identifyVerificationResult.content
回首頁,,,,6,,,3,,,3,,,4,,,6,identifyVerificationResult.backToHome
(已讀),,,,8,,,4,,,4,,,5,,,9,messageNotify.haveRead
輸入搜索條件,,,,13,,,7,,,6,,,8,,,13,qaSearch.searchHint
搜索結果,,,,8,,,4,,,4,,,5,,,9,qaSearch.searchResult
請輸入搜索條件,,,,15,,,8,,,7,,,9,,,15,qaSearch.searchTextEmptyTip
搜索無資料,,,,11,,,5,,,5,,,7,,,11,qaSearch.searchResultEmptyTip
用戶協議,,,,8,,,4,,,4,,,5,,,9,userProtocol.appBarTitle
今日不再通知,,,,13,,,7,,,6,,,8,,,13,marginLevelWarningPopup.todayNoNotify
保證金比例,,,,11,,,5,,,5,,,7,,,11,marginLevelWarningPopup.marginLevel
保證金比例風險過高,,,,19,,,10,,,9,,,12,,,20,marginLevelWarningPopup.warningReason
暫不更新,,,,8,,,4,,,4,,,5,,,9,updateVersionPopup.ignoreThisTime
全面更新,,,,8,,,4,,,4,,,5,,,9,updateVersionPopup.newVersionTitle
版本,,,,4,,,2,,,2,,,2,,,4,updateVersionPopup.newVersionPrefix
發現新版本,,,,11,,,5,,,5,,,7,,,11,updateVersionPopup.foundNewVersion
下載中,,,,6,,,3,,,3,,,4,,,6,updateVersionPopup.downloading
立即更新,,,,8,,,4,,,4,,,5,,,9,updateVersionPopup.updateImmediately
發送驗證碼,,,,11,,,5,,,5,,,7,,,11,captchaButton.sendPhoneCode
區碼,,,,4,,,2,,,2,,,2,,,4,dialCodeContainer.hint
最多可選 {max} 項,,,,11 + ?,,,5 + ?,,,5 + ?,,,7 + ?,,,11 + ?,checkboxInputContainer.reachMaxToast
最少需選 {min} 項,,,,11 + ?,,,5 + ?,,,5 + ?,,,7 + ?,,,11 + ?,checkboxInputContainer.reachMinToast
微信或LINE ID欄位須擇一填寫,,,,35,,,18,,,16,,,22,,,36,"errorInputValidator.userLineEmpty,errorInputValidator.userWechatEmpty"
Line Id格式有誤,,,,22,,,11,,,10,,,14,,,22,errorInputValidator.userLineFormat
微信格式有誤,,,,13,,,7,,,6,,,8,,,13,errorInputValidator.userWechatFormat
代號不得為空,,,,13,,,7,,,6,,,8,,,13,errorInputValidator.bankCodeEmpty
代號格式錯誤,,,,13,,,7,,,6,,,8,,,13,errorInputValidator.bankCodeFormat
帳號不得為空,,,,13,,,7,,,6,,,8,,,13,errorInputValidator.bankAccountEmpty
帳號格式有誤,,,,13,,,7,,,6,,,8,,,13,errorInputValidator.bankAccountFormat
戶名不得為空,,,,13,,,7,,,6,,,8,,,13,errorInputValidator.bankUsernameEmpty
戶名格式有誤,,,,13,,,7,,,6,,,8,,,13,errorInputValidator.bankUsernameFormat
Email格式錯誤,,,,19,,,10,,,9,,,12,,,20,errorInputValidator.emailFormat
Email不得為空,,,,19,,,10,,,9,,,12,,,20,errorInputValidator.emailEmpty
手機號不得為空,,,,15,,,8,,,7,,,9,,,15,errorInputValidator.phoneEmpty
手機號格式有誤,,,,15,,,8,,,7,,,9,,,15,errorInputValidator.phoneFormat
密碼格式錯誤,,,,13,,,7,,,6,,,8,,,13,errorInputValidator.passwordFormat
密碼不得為空,,,,13,,,7,,,6,,,8,,,13,errorInputValidator.passwordEmpty
驗證碼格式錯誤,,,,15,,,8,,,7,,,9,,,15,errorInputValidator.captchaFormat
驗證碼不得為空,,,,15,,,8,,,7,,,9,,,15,errorInputValidator.captchaEmpty
推薦碼不得為空,,,,15,,,8,,,7,,,9,,,15,errorInputValidator.referralCodeEmpty
推薦碼格式有誤,,,,15,,,8,,,7,,,9,,,15,errorInputValidator.referralCodeFormat
尚無平倉,,,,8,,,4,,,4,,,5,,,9,agentFundingHistoryClose.emptyTip
尚無開倉,,,,8,,,4,,,4,,,5,,,9,agentFundingHistoryOpen.emptyTip
尚無可使用獎勵,,,,15,,,8,,,7,,,9,,,15,awardAvailable.emptyTip
尚無歷史獎勵,,,,13,,,7,,,6,,,8,,,13,awardHistory.emptyTip
請輸入PIN碼,,,,15,,,8,,,7,,,9,,,15,securityVerifyMessage.pinInputTitle
生物辨識,,,,8,,,4,,,4,,,5,,,9,securityVerifyMessage.biometric
驗證成功,,,,8,,,4,,,4,,,5,,,9,securityVerifyMessage.biometricValidateSuccess
驗證失敗,,,,8,,,4,,,4,,,5,,,9,securityVerifyMessage.biometricValidateFail
掃描指紋或臉部進行身份驗證,,,,28,,,15,,,13,,,18,,,29,securityVerifyMessage.androidLocalizedReason
掃描指紋進行身份驗證,,,,22,,,11,,,10,,,14,,,22,securityVerifyMessage.iosLocalizedReason
觸摸感應,,,,8,,,4,,,4,,,5,,,9,securityVerifyMessage.fingerprintHint
"無法識別指紋, 請在嘗試一次",,,,26,,,14,,,12,,,16,,,27,securityVerifyMessage.fingerprintNotRecognized
指紋識別成功,,,,13,,,7,,,6,,,8,,,13,securityVerifyMessage.fingerprintSuccess
指紋驗證,,,,8,,,4,,,4,,,5,,,9,securityVerifyMessage.signInTitle
指紋辨識需求,,,,13,,,7,,,6,,,8,,,13,securityVerifyMessage.fingerprintRequiredTitle
去設定,,,,6,,,3,,,3,,,4,,,6,securityVerifyMessage.goToSettingsButton
指紋辨識尚未開啓或設定,,,,24,,,12,,,11,,,15,,,24,securityVerifyMessage.goToSettingsDescription
"生物辨識驗證被禁用, 請執行鎖定以及解鎖螢幕後以重新啓用",,,,57,,,30,,,26,,,36,,,58,securityVerifyMessage.lockOut
好的,,,,4,,,2,,,2,,,2,,,4,securityVerifyMessage.itsOk
市價成交,,,,8,,,4,,,4,,,5,,,9,orderTransactionType.market
指價成交,,,,8,,,4,,,4,,,5,,,9,orderTransactionType.trust
止盈成交,,,,8,,,4,,,4,,,5,,,9,orderTransactionType.stopProfit
止損成交,,,,8,,,4,,,4,,,5,,,9,orderTransactionType.stopLoss
時間強平,,,,8,,,4,,,4,,,5,,,9,orderTransactionType.timeout
資金強平,,,,8,,,4,,,4,,,5,,,9,orderTransactionType.fundingLimit
雲端跟單,,,,8,,,4,,,4,,,5,,,9,orderTransactionType.followCloud
套利指標1分鐘,,,,15,,,8,,,7,,,9,,,15,orderTransactionType.arbitrage1
套利指標3分鐘,,,,15,,,8,,,7,,,9,,,15,orderTransactionType.arbitrage3
套利指標5分鐘,,,,15,,,8,,,7,,,9,,,15,orderTransactionType.arbitrage5
實時平均策略,,,,13,,,7,,,6,,,8,,,13,orderTransactionType.realTimeAverage
跟單成交,,,,8,,,4,,,4,,,5,,,9,orderTransactionType.track
合約強平,,,,8,,,4,,,4,,,5,,,9,orderTransactionType.contract
還需等待 {seconds} 秒,,,,11 + ?,,,5 + ?,,,5 + ?,,,7 + ?,,,11 + ?,captchaBloc.statusWait
請選擇區碼,,,,11,,,5,,,5,,,7,,,11,captchaBloc.selectDialCodeFirst
驗證碼已發送,,,,13,,,7,,,6,,,8,,,13,captchaBloc.captchaSendSuccess
溫馨提醒,,,,8,,,4,,,4,,,5,,,9,descriptionBevelConfirmPopup.WarmReminder
是否要登出？,,,,13,,,7,,,6,,,8,,,13,descriptionBevelConfirmPopup.checkLogout
新增帳戶設定,,,,13,,,7,,,6,,,8,,,13,bindPaymentInfo.appBarTitleAdd
編輯帳戶設定,,,,13,,,7,,,6,,,8,,,13,bindPaymentInfo.appBarTitleEdit
選擇,,,,4,,,2,,,2,,,2,,,4,bindPaymentInfo.select
請選擇金流類別,,,,15,,,8,,,7,,,9,,,15,bindPaymentInfo.categorySelectHint
帳號,,,,4,,,2,,,2,,,2,,,4,bindPaymentInfo.account
其他欄位,,,,8,,,4,,,4,,,5,,,9,bindPaymentInfo.otherFields
請輸入帳號,,,,11,,,5,,,5,,,7,,,11,bindPaymentInfo.accountHint
請輸入,,,,6,,,3,,,3,,,4,,,6,bindPaymentInfo.inputHint
審核圖片等,,,,11,,,5,,,5,,,7,,,11,bindPaymentInfo.auditTitle
請提供包含戶名為您本人的存摺封面或銀行卡照片。,,,,50,,,27,,,23,,,32,,,51,bindPaymentInfo.auditDescription
點擊上傳,,,,8,,,4,,,4,,,5,,,9,bindPaymentInfo.upload
送出等待審核,,,,13,,,7,,,6,,,8,,,13,bindPaymentInfo.sendWaitingAuditButton
已提交審核,,,,11,,,5,,,5,,,7,,,11,bindPaymentInfo.bindSuccess
已重新提交審核,,,,15,,,8,,,7,,,9,,,15,bindPaymentInfo.updateSuccess
不得為空,,,,8,,,4,,,4,,,5,,,9,bindPaymentInfo.errorEmptyInput
請選擇出金帳戶,,,,15,,,8,,,7,,,9,,,15,withdrawAccount.appBarTitle
出金帳戶,,,,8,,,4,,,4,,,5,,,9,withdrawAccount.listTitle
出金金額區間{start}-{end},,,,13 + ?,,,7 + ?,,,6 + ?,,,8 + ?,,,13 + ?,withdrawAccount.amountRange
帳戶狀態,,,,8,,,4,,,4,,,5,,,9,withdrawAccount.accountStatus
您的倉位已更變為,,,,17,,,9,,,8,,,11,,,18,tradeModeChangeSuccessPopup.changeTitle
模式,,,,4,,,2,,,2,,,2,,,4,tradeModeChangeSuccessPopup.mode